-- phpMyAdmin SQL Dump
-- version 2.11.3
-- http://www.phpmyadmin.net
--
-- Servidor: localhost
-- Tiempo de generación: 21-07-2008 a las 00:38:00
-- Versión del servidor: 5.0.51
-- Versión de PHP: 5.2.5

SET SQL_MODE="NO_AUTO_VALUE_ON_ZERO";

--
-- Base de datos: `sghcopia_development`
--

--
-- Volcar la base de datos para la tabla `ciudades`
--

INSERT INTO `ciudades` (`id`, `nombre`, `departamento_id`, `created_at`, `updated_at`, `codigo`, `codigo_departamento`) VALUES
(1, 'ABEJORRAL ', 1, '0000-00-00 00:00:00', '0000-00-00 00:00:00', '05002  ', '05'),
(2, 'ABREGO ', 18, '0000-00-00 00:00:00', '0000-00-00 00:00:00', '54003 ', '54'),
(3, 'ABRIAQUÍ ', 1, '0000-00-00 00:00:00', '0000-00-00 00:00:00', '05004 ', '05'),
(4, 'ACACÍAS ', 16, '0000-00-00 00:00:00', '0000-00-00 00:00:00', '50006 ', '50'),
(5, 'ACANDÍ ', 12, '0000-00-00 00:00:00', '0000-00-00 00:00:00', '27006 ', '27'),
(6, 'ACEVEDO ', 13, '0000-00-00 00:00:00', '0000-00-00 00:00:00', '41006 ', '41'),
(7, 'ACHÍ ', 4, '0000-00-00 00:00:00', '0000-00-00 00:00:00', '13006 ', '13'),
(8, 'AGRADO ', 13, '0000-00-00 00:00:00', '0000-00-00 00:00:00', '41013 ', '41'),
(9, 'AGUA DE DIOS ', 11, '0000-00-00 00:00:00', '0000-00-00 00:00:00', '25001 ', '25'),
(10, 'AGUACHICA ', 9, '0000-00-00 00:00:00', '0000-00-00 00:00:00', '20011 ', '20'),
(11, 'AGUADA ', 21, '0000-00-00 00:00:00', '0000-00-00 00:00:00', '68013 ', '68'),
(12, 'AGUADAS ', 6, '0000-00-00 00:00:00', '0000-00-00 00:00:00', '17013 ', '17'),
(13, 'AGUAZUL ', 26, '0000-00-00 00:00:00', '0000-00-00 00:00:00', '85010 ', '85'),
(14, 'AGUSTÍN CODAZZI ', 9, '0000-00-00 00:00:00', '0000-00-00 00:00:00', '20013 ', '20'),
(15, 'AIPE ', 13, '0000-00-00 00:00:00', '0000-00-00 00:00:00', '41016 ', '41'),
(16, 'ALBÁN ', 11, '0000-00-00 00:00:00', '0000-00-00 00:00:00', '25019 ', '25'),
(17, 'ALBÁN ', 17, '0000-00-00 00:00:00', '0000-00-00 00:00:00', '52019 ', '52'),
(18, 'ALBANIA ', 7, '0000-00-00 00:00:00', '0000-00-00 00:00:00', '18029 ', '18'),
(19, 'ALBANIA ', 14, '0000-00-00 00:00:00', '0000-00-00 00:00:00', '44035 ', '44'),
(20, 'ALBANIA ', 21, '0000-00-00 00:00:00', '0000-00-00 00:00:00', '68020 ', '68'),
(21, 'ALCALÁ ', 24, '0000-00-00 00:00:00', '0000-00-00 00:00:00', '76020 ', '76'),
(22, 'ALDANA ', 17, '0000-00-00 00:00:00', '0000-00-00 00:00:00', '52022 ', '52'),
(23, 'ALEJANDRÍA ', 1, '0000-00-00 00:00:00', '0000-00-00 00:00:00', '05021 ', '05'),
(24, 'ALGARROBO ', 15, '0000-00-00 00:00:00', '0000-00-00 00:00:00', '47030 ', '47'),
(25, 'ALGECIRAS ', 13, '0000-00-00 00:00:00', '0000-00-00 00:00:00', '41020 ', '41'),
(26, 'ALMAGUER ', 8, '0000-00-00 00:00:00', '0000-00-00 00:00:00', '19022 ', '19'),
(27, 'ALMEIDA ', 5, '0000-00-00 00:00:00', '0000-00-00 00:00:00', '15022 ', '15'),
(28, 'ALPUJARRA ', 23, '0000-00-00 00:00:00', '0000-00-00 00:00:00', '73024 ', '73'),
(29, 'ALTAMIRA ', 13, '0000-00-00 00:00:00', '0000-00-00 00:00:00', '41026 ', '41'),
(30, 'ALTO BAUDO ', 12, '0000-00-00 00:00:00', '0000-00-00 00:00:00', '27025 ', '27'),
(31, 'ALTOS DEL ROSARIO ', 4, '0000-00-00 00:00:00', '0000-00-00 00:00:00', '13030 ', '13'),
(32, 'ALVARADO ', 23, '0000-00-00 00:00:00', '0000-00-00 00:00:00', '73026 ', '73'),
(33, 'AMAGÁ ', 1, '0000-00-00 00:00:00', '0000-00-00 00:00:00', '05030 ', '05'),
(34, 'AMALFI ', 1, '0000-00-00 00:00:00', '0000-00-00 00:00:00', '05031 ', '05'),
(35, 'AMBALEMA ', 23, '0000-00-00 00:00:00', '0000-00-00 00:00:00', '73030 ', '73'),
(36, 'ANAPOIMA ', 11, '0000-00-00 00:00:00', '0000-00-00 00:00:00', '25035 ', '25'),
(37, 'ANCUYÁ ', 17, '0000-00-00 00:00:00', '0000-00-00 00:00:00', '52036 ', '52'),
(38, 'ANDALUCÍA ', 24, '0000-00-00 00:00:00', '0000-00-00 00:00:00', '76036 ', '76'),
(39, 'ANDES ', 1, '0000-00-00 00:00:00', '0000-00-00 00:00:00', '05034 ', '05'),
(40, 'ANGELÓPOLIS ', 1, '0000-00-00 00:00:00', '0000-00-00 00:00:00', '05036 ', '05'),
(41, 'ANGOSTURA ', 1, '0000-00-00 00:00:00', '0000-00-00 00:00:00', '05038 ', '05'),
(42, 'ANOLAIMA ', 11, '0000-00-00 00:00:00', '0000-00-00 00:00:00', '25040 ', '25'),
(43, 'ANORÍ ', 1, '0000-00-00 00:00:00', '0000-00-00 00:00:00', '05040 ', '05'),
(44, 'ANSERMA ', 6, '0000-00-00 00:00:00', '0000-00-00 00:00:00', '17042 ', '17'),
(45, 'ANSERMANUEVO ', 24, '0000-00-00 00:00:00', '0000-00-00 00:00:00', '76041 ', '76'),
(46, 'ANZA ', 1, '0000-00-00 00:00:00', '0000-00-00 00:00:00', '05044 ', '05'),
(47, 'ANZOÁTEGUI ', 23, '0000-00-00 00:00:00', '0000-00-00 00:00:00', '73043 ', '73'),
(48, 'APARTADÓ ', 1, '0000-00-00 00:00:00', '0000-00-00 00:00:00', '05045 ', '05'),
(49, 'APÍA ', 20, '0000-00-00 00:00:00', '0000-00-00 00:00:00', '66045 ', '66'),
(50, 'APULO ', 11, '0000-00-00 00:00:00', '0000-00-00 00:00:00', '25599 ', '25'),
(51, 'AQUITANIA ', 5, '0000-00-00 00:00:00', '0000-00-00 00:00:00', '15047 ', '15'),
(52, 'ARACATACA ', 15, '0000-00-00 00:00:00', '0000-00-00 00:00:00', '47053 ', '47'),
(53, 'ARANZAZU ', 6, '0000-00-00 00:00:00', '0000-00-00 00:00:00', '17050 ', '17'),
(54, 'ARATOCA ', 21, '0000-00-00 00:00:00', '0000-00-00 00:00:00', '68051 ', '68'),
(55, 'ARAUCA ', 25, '0000-00-00 00:00:00', '0000-00-00 00:00:00', '81001 ', '81'),
(56, 'ARAUQUITA ', 25, '0000-00-00 00:00:00', '0000-00-00 00:00:00', '81065 ', '81'),
(57, 'ARBELÁEZ ', 11, '0000-00-00 00:00:00', '0000-00-00 00:00:00', '25053 ', '25'),
(58, 'ARBOLEDA ', 17, '0000-00-00 00:00:00', '0000-00-00 00:00:00', '52051 ', '52'),
(59, 'ARBOLEDAS ', 18, '0000-00-00 00:00:00', '0000-00-00 00:00:00', '54051 ', '54'),
(60, 'ARBOLETES ', 1, '0000-00-00 00:00:00', '0000-00-00 00:00:00', '05051 ', '05'),
(61, 'ARCABUCO ', 5, '0000-00-00 00:00:00', '0000-00-00 00:00:00', '15051 ', '15'),
(62, 'ARENAL ', 4, '0000-00-00 00:00:00', '0000-00-00 00:00:00', '13042 ', '13'),
(63, 'ARGELIA ', 1, '0000-00-00 00:00:00', '0000-00-00 00:00:00', '05055 ', '05'),
(64, 'ARGELIA ', 8, '0000-00-00 00:00:00', '0000-00-00 00:00:00', '19050 ', '19'),
(65, 'ARGELIA ', 24, '0000-00-00 00:00:00', '0000-00-00 00:00:00', '76054 ', '76'),
(66, 'ARIGUANÍ ', 15, '0000-00-00 00:00:00', '0000-00-00 00:00:00', '47058 ', '47'),
(67, 'ARJONA ', 4, '0000-00-00 00:00:00', '0000-00-00 00:00:00', '13052 ', '13'),
(68, 'ARMENIA ', 1, '0000-00-00 00:00:00', '0000-00-00 00:00:00', '05059 ', '05'),
(69, 'ARMENIA ', 19, '0000-00-00 00:00:00', '0000-00-00 00:00:00', '63001 ', '63'),
(70, 'ARMERO ', 23, '0000-00-00 00:00:00', '0000-00-00 00:00:00', '73055 ', '73'),
(71, 'ARROYOHONDO ', 4, '0000-00-00 00:00:00', '0000-00-00 00:00:00', '13062 ', '13'),
(72, 'ASTREA ', 9, '0000-00-00 00:00:00', '0000-00-00 00:00:00', '20032 ', '20'),
(73, 'ATACO ', 23, '0000-00-00 00:00:00', '0000-00-00 00:00:00', '73067 ', '73'),
(74, 'ATRATO ', 12, '0000-00-00 00:00:00', '0000-00-00 00:00:00', '27050 ', '27'),
(75, 'AYAPEL ', 10, '0000-00-00 00:00:00', '0000-00-00 00:00:00', '23068 ', '23'),
(76, 'BAGADÓ ', 12, '0000-00-00 00:00:00', '0000-00-00 00:00:00', '27073 ', '27'),
(77, 'BAHÍA SOLANO ', 12, '0000-00-00 00:00:00', '0000-00-00 00:00:00', '27075 ', '27'),
(78, 'BAJO BAUDÓ ', 12, '0000-00-00 00:00:00', '0000-00-00 00:00:00', '27077 ', '27'),
(79, 'BALBOA ', 8, '0000-00-00 00:00:00', '0000-00-00 00:00:00', '19075 ', '19'),
(80, 'BALBOA ', 20, '0000-00-00 00:00:00', '0000-00-00 00:00:00', '66075 ', '66'),
(81, 'BARANOA ', 2, '0000-00-00 00:00:00', '0000-00-00 00:00:00', '08078 ', '08'),
(82, 'BARAYA ', 13, '0000-00-00 00:00:00', '0000-00-00 00:00:00', '41078 ', '41'),
(83, 'BARBACOAS ', 17, '0000-00-00 00:00:00', '0000-00-00 00:00:00', '52079 ', '52'),
(84, 'BARBOSA ', 1, '0000-00-00 00:00:00', '0000-00-00 00:00:00', '05079 ', '05'),
(85, 'BARBOSA ', 21, '0000-00-00 00:00:00', '0000-00-00 00:00:00', '68077 ', '68'),
(86, 'BARICHARA ', 21, '0000-00-00 00:00:00', '0000-00-00 00:00:00', '68079 ', '68'),
(87, 'BARRANCA DE UPÍA ', 16, '0000-00-00 00:00:00', '0000-00-00 00:00:00', '50110 ', '50'),
(88, 'BARRANCABERMEJA ', 21, '0000-00-00 00:00:00', '0000-00-00 00:00:00', '68081 ', '68'),
(89, 'BARRANCAS ', 14, '0000-00-00 00:00:00', '0000-00-00 00:00:00', '44078 ', '44'),
(90, 'BARRANCO DE LOBA ', 4, '0000-00-00 00:00:00', '0000-00-00 00:00:00', '13074 ', '13'),
(91, 'BARRANCO MINAS ', 30, '0000-00-00 00:00:00', '0000-00-00 00:00:00', '94343 ', '94'),
(92, 'BARRANQUILLA ', 2, '0000-00-00 00:00:00', '0000-00-00 00:00:00', '08001 ', '08'),
(93, 'BECERRIL ', 9, '0000-00-00 00:00:00', '0000-00-00 00:00:00', '20045 ', '20'),
(94, 'BELALCÁZAR ', 6, '0000-00-00 00:00:00', '0000-00-00 00:00:00', '17088 ', '17'),
(95, 'BELÉN ', 5, '0000-00-00 00:00:00', '0000-00-00 00:00:00', '15087 ', '15'),
(96, 'BELÉN ', 17, '0000-00-00 00:00:00', '0000-00-00 00:00:00', '52083 ', '52'),
(97, 'BELÉN DE BAJIRÁ ', 12, '0000-00-00 00:00:00', '0000-00-00 00:00:00', '27086 ', '27'),
(98, 'BELÉN DE LOS ANDAQUIES ', 7, '0000-00-00 00:00:00', '0000-00-00 00:00:00', '18094 ', '18'),
(99, 'BELÉN DE UMBRÍA ', 20, '0000-00-00 00:00:00', '0000-00-00 00:00:00', '66088 ', '66'),
(100, 'BELLO ', 1, '0000-00-00 00:00:00', '0000-00-00 00:00:00', '05088 ', '05'),
(101, 'BELMIRA ', 1, '0000-00-00 00:00:00', '0000-00-00 00:00:00', '05086 ', '05'),
(102, 'BELTRÁN ', 11, '0000-00-00 00:00:00', '0000-00-00 00:00:00', '25086 ', '25'),
(103, 'BERBEO ', 5, '0000-00-00 00:00:00', '0000-00-00 00:00:00', '15090 ', '15'),
(104, 'BETANIA ', 1, '0000-00-00 00:00:00', '0000-00-00 00:00:00', '05091 ', '05'),
(105, 'BETÉITIVA ', 5, '0000-00-00 00:00:00', '0000-00-00 00:00:00', '15092 ', '15'),
(106, 'BETULIA ', 1, '0000-00-00 00:00:00', '0000-00-00 00:00:00', '05093 ', '05'),
(107, 'BETULIA ', 21, '0000-00-00 00:00:00', '0000-00-00 00:00:00', '68092 ', '68'),
(108, 'BITUIMA ', 11, '0000-00-00 00:00:00', '0000-00-00 00:00:00', '25095 ', '25'),
(109, 'BOAVITA ', 5, '0000-00-00 00:00:00', '0000-00-00 00:00:00', '15097 ', '15'),
(110, 'BOCHALEMA ', 18, '0000-00-00 00:00:00', '0000-00-00 00:00:00', '54099 ', '54'),
(111, 'BOGOTÁ ', 3, '0000-00-00 00:00:00', '0000-00-00 00:00:00', '11001 ', '11'),
(112, 'BOJACÁ ', 11, '0000-00-00 00:00:00', '0000-00-00 00:00:00', '25099 ', '25'),
(113, 'BOJAYA ', 12, '0000-00-00 00:00:00', '0000-00-00 00:00:00', '27099 ', '27'),
(114, 'BOLÍVAR ', 8, '0000-00-00 00:00:00', '0000-00-00 00:00:00', '19100 ', '19'),
(115, 'BOLÍVAR ', 21, '0000-00-00 00:00:00', '0000-00-00 00:00:00', '68101 ', '68'),
(116, 'BOLÍVAR ', 24, '0000-00-00 00:00:00', '0000-00-00 00:00:00', '76100 ', '76'),
(117, 'BOSCONIA ', 9, '0000-00-00 00:00:00', '0000-00-00 00:00:00', '20060 ', '20'),
(118, 'BOYACÁ ', 5, '0000-00-00 00:00:00', '0000-00-00 00:00:00', '15104 ', '15'),
(119, 'BRICEŃO ', 1, '0000-00-00 00:00:00', '0000-00-00 00:00:00', '05107 ', '05'),
(120, 'BRICEŃO ', 5, '0000-00-00 00:00:00', '0000-00-00 00:00:00', '15106 ', '15'),
(121, 'BUCARAMANGA ', 21, '0000-00-00 00:00:00', '0000-00-00 00:00:00', '68001 ', '68'),
(122, 'BUCARASICA ', 18, '0000-00-00 00:00:00', '0000-00-00 00:00:00', '54109 ', '54'),
(123, 'BUENAVENTURA ', 24, '0000-00-00 00:00:00', '0000-00-00 00:00:00', '76109 ', '76'),
(124, 'BUENAVISTA ', 5, '0000-00-00 00:00:00', '0000-00-00 00:00:00', '15109 ', '15'),
(125, 'BUENAVISTA ', 10, '0000-00-00 00:00:00', '0000-00-00 00:00:00', '23079 ', '23'),
(126, 'BUENAVISTA ', 19, '0000-00-00 00:00:00', '0000-00-00 00:00:00', '63111 ', '63'),
(127, 'BUENAVISTA ', 22, '0000-00-00 00:00:00', '0000-00-00 00:00:00', '70110 ', '70'),
(128, 'BUENOS AIRES ', 8, '0000-00-00 00:00:00', '0000-00-00 00:00:00', '19110 ', '19'),
(129, 'BUESACO ', 17, '0000-00-00 00:00:00', '0000-00-00 00:00:00', '52110 ', '52'),
(130, 'BUGALAGRANDE ', 24, '0000-00-00 00:00:00', '0000-00-00 00:00:00', '76113 ', '76'),
(131, 'BURITICÁ ', 1, '0000-00-00 00:00:00', '0000-00-00 00:00:00', '05113 ', '05'),
(132, 'BUSBANZÁ ', 5, '0000-00-00 00:00:00', '0000-00-00 00:00:00', '15114 ', '15'),
(133, 'CABRERA ', 11, '0000-00-00 00:00:00', '0000-00-00 00:00:00', '25120 ', '25'),
(134, 'CABRERA ', 21, '0000-00-00 00:00:00', '0000-00-00 00:00:00', '68121 ', '68'),
(135, 'CABUYARO ', 16, '0000-00-00 00:00:00', '0000-00-00 00:00:00', '50124 ', '50'),
(136, 'CACAHUAL ', 30, '0000-00-00 00:00:00', '0000-00-00 00:00:00', '94886 ', '94'),
(137, 'CÁCERES ', 1, '0000-00-00 00:00:00', '0000-00-00 00:00:00', '05120 ', '05'),
(138, 'CACHIPAY ', 11, '0000-00-00 00:00:00', '0000-00-00 00:00:00', '25123 ', '25'),
(139, 'CACHIRÁ ', 18, '0000-00-00 00:00:00', '0000-00-00 00:00:00', '54128 ', '54'),
(140, 'CÁCOTA ', 18, '0000-00-00 00:00:00', '0000-00-00 00:00:00', '54125 ', '54'),
(141, 'CAICEDO ', 1, '0000-00-00 00:00:00', '0000-00-00 00:00:00', '05125 ', '05'),
(142, 'CAICEDONIA ', 24, '0000-00-00 00:00:00', '0000-00-00 00:00:00', '76122 ', '76'),
(143, 'CAIMITO ', 22, '0000-00-00 00:00:00', '0000-00-00 00:00:00', '70124 ', '70'),
(144, 'CAJAMARCA ', 23, '0000-00-00 00:00:00', '0000-00-00 00:00:00', '73124 ', '73'),
(145, 'CAJIBÍO ', 8, '0000-00-00 00:00:00', '0000-00-00 00:00:00', '19130 ', '19'),
(146, 'CAJICÁ ', 11, '0000-00-00 00:00:00', '0000-00-00 00:00:00', '25126 ', '25'),
(147, 'CALAMAR ', 4, '0000-00-00 00:00:00', '0000-00-00 00:00:00', '13140 ', '13'),
(148, 'CALAMAR ', 31, '0000-00-00 00:00:00', '0000-00-00 00:00:00', '95015 ', '95'),
(149, 'CALARCA ', 19, '0000-00-00 00:00:00', '0000-00-00 00:00:00', '63130 ', '63'),
(150, 'CALDAS ', 1, '0000-00-00 00:00:00', '0000-00-00 00:00:00', '05129 ', '05'),
(151, 'CALDAS ', 5, '0000-00-00 00:00:00', '0000-00-00 00:00:00', '15131 ', '15'),
(152, 'CALDONO ', 8, '0000-00-00 00:00:00', '0000-00-00 00:00:00', '19137 ', '19'),
(153, 'CALI ', 24, '0000-00-00 00:00:00', '0000-00-00 00:00:00', '76001 ', '76'),
(154, 'CALIFORNIA ', 21, '0000-00-00 00:00:00', '0000-00-00 00:00:00', '68132 ', '68'),
(155, 'CALIMA ', 24, '0000-00-00 00:00:00', '0000-00-00 00:00:00', '76126 ', '76'),
(156, 'CALOTO ', 8, '0000-00-00 00:00:00', '0000-00-00 00:00:00', '19142 ', '19'),
(157, 'CAMPAMENTO ', 1, '0000-00-00 00:00:00', '0000-00-00 00:00:00', '05134 ', '05'),
(158, 'CAMPO DE LA CRUZ ', 2, '0000-00-00 00:00:00', '0000-00-00 00:00:00', '08137 ', '08'),
(159, 'CAMPOALEGRE ', 13, '0000-00-00 00:00:00', '0000-00-00 00:00:00', '41132 ', '41'),
(160, 'CAMPOHERMOSO ', 5, '0000-00-00 00:00:00', '0000-00-00 00:00:00', '15135 ', '15'),
(161, 'CANALETE ', 10, '0000-00-00 00:00:00', '0000-00-00 00:00:00', '23090 ', '23'),
(162, 'CANDELARIA ', 2, '0000-00-00 00:00:00', '0000-00-00 00:00:00', '08141 ', '08'),
(163, 'CANDELARIA ', 24, '0000-00-00 00:00:00', '0000-00-00 00:00:00', '76130 ', '76'),
(164, 'CANTAGALLO ', 4, '0000-00-00 00:00:00', '0000-00-00 00:00:00', '13160 ', '13'),
(165, 'CAŃASGORDAS ', 1, '0000-00-00 00:00:00', '0000-00-00 00:00:00', '05138 ', '05'),
(166, 'CAPARRAPÍ ', 11, '0000-00-00 00:00:00', '0000-00-00 00:00:00', '25148 ', '25'),
(167, 'CAPITANEJO ', 21, '0000-00-00 00:00:00', '0000-00-00 00:00:00', '68147 ', '68'),
(168, 'CAQUEZA ', 11, '0000-00-00 00:00:00', '0000-00-00 00:00:00', '25151 ', '25'),
(169, 'CARACOLÍ ', 1, '0000-00-00 00:00:00', '0000-00-00 00:00:00', '05142 ', '05'),
(170, 'CARAMANTA ', 1, '0000-00-00 00:00:00', '0000-00-00 00:00:00', '05145 ', '05'),
(171, 'CARCASÍ ', 21, '0000-00-00 00:00:00', '0000-00-00 00:00:00', '68152 ', '68'),
(172, 'CAREPA ', 1, '0000-00-00 00:00:00', '0000-00-00 00:00:00', '05147 ', '05'),
(173, 'CARMEN DE APICALÁ ', 23, '0000-00-00 00:00:00', '0000-00-00 00:00:00', '73148 ', '73'),
(174, 'CARMEN DE CARUPA ', 11, '0000-00-00 00:00:00', '0000-00-00 00:00:00', '25154 ', '25'),
(175, 'CARMEN DEL DARIEN ', 12, '0000-00-00 00:00:00', '0000-00-00 00:00:00', '27150 ', '27'),
(176, 'CAROLINA ', 1, '0000-00-00 00:00:00', '0000-00-00 00:00:00', '05150 ', '05'),
(177, 'CARTAGENA ', 4, '0000-00-00 00:00:00', '0000-00-00 00:00:00', '13001 ', '13'),
(178, 'CARTAGENA DEL CHAIRÁ ', 7, '0000-00-00 00:00:00', '0000-00-00 00:00:00', '18150 ', '18'),
(179, 'CARTAGO ', 24, '0000-00-00 00:00:00', '0000-00-00 00:00:00', '76147 ', '76'),
(180, 'CARURU ', 32, '0000-00-00 00:00:00', '0000-00-00 00:00:00', '97161 ', '97'),
(181, 'CASABIANCA ', 23, '0000-00-00 00:00:00', '0000-00-00 00:00:00', '73152 ', '73'),
(182, 'CASTILLA LA NUEVA ', 16, '0000-00-00 00:00:00', '0000-00-00 00:00:00', '50150 ', '50'),
(183, 'CAUCASIA ', 1, '0000-00-00 00:00:00', '0000-00-00 00:00:00', '05154 ', '05'),
(184, 'CEPITÁ ', 21, '0000-00-00 00:00:00', '0000-00-00 00:00:00', '68160 ', '68'),
(185, 'CERETÉ ', 10, '0000-00-00 00:00:00', '0000-00-00 00:00:00', '23162 ', '23'),
(186, 'CERINZA ', 5, '0000-00-00 00:00:00', '0000-00-00 00:00:00', '15162 ', '15'),
(187, 'CERRITO ', 21, '0000-00-00 00:00:00', '0000-00-00 00:00:00', '68162 ', '68'),
(188, 'CERRO SAN ANTONIO ', 15, '0000-00-00 00:00:00', '0000-00-00 00:00:00', '47161 ', '47'),
(189, 'CÉRTEGUI ', 12, '0000-00-00 00:00:00', '0000-00-00 00:00:00', '27160 ', '27'),
(190, 'CHACHAGÜÍ ', 17, '0000-00-00 00:00:00', '0000-00-00 00:00:00', '52240 ', '52'),
(191, 'CHAGUANÍ ', 11, '0000-00-00 00:00:00', '0000-00-00 00:00:00', '25168 ', '25'),
(192, 'CHALÁN ', 22, '0000-00-00 00:00:00', '0000-00-00 00:00:00', '70230 ', '70'),
(193, 'CHAMEZA ', 26, '0000-00-00 00:00:00', '0000-00-00 00:00:00', '85015 ', '85'),
(194, 'CHAPARRAL ', 23, '0000-00-00 00:00:00', '0000-00-00 00:00:00', '73168 ', '73'),
(195, 'CHARALÁ ', 21, '0000-00-00 00:00:00', '0000-00-00 00:00:00', '68167 ', '68'),
(196, 'CHARTA ', 21, '0000-00-00 00:00:00', '0000-00-00 00:00:00', '68169 ', '68'),
(197, 'CHÍA ', 11, '0000-00-00 00:00:00', '0000-00-00 00:00:00', '25175 ', '25'),
(198, 'CHIBOLO ', 15, '0000-00-00 00:00:00', '0000-00-00 00:00:00', '47170 ', '47'),
(199, 'CHIGORODÓ ', 1, '0000-00-00 00:00:00', '0000-00-00 00:00:00', '05172 ', '05'),
(200, 'CHIMA ', 21, '0000-00-00 00:00:00', '0000-00-00 00:00:00', '68176 ', '68'),
(201, 'CHIMÁ ', 10, '0000-00-00 00:00:00', '0000-00-00 00:00:00', '23168 ', '23'),
(202, 'CHIMICHAGUA ', 9, '0000-00-00 00:00:00', '0000-00-00 00:00:00', '20175 ', '20'),
(203, 'CHINÁCOTA ', 18, '0000-00-00 00:00:00', '0000-00-00 00:00:00', '54172 ', '54'),
(204, 'CHINAVITA ', 5, '0000-00-00 00:00:00', '0000-00-00 00:00:00', '15172 ', '15'),
(205, 'CHINCHINÁ ', 6, '0000-00-00 00:00:00', '0000-00-00 00:00:00', '17174 ', '17'),
(206, 'CHINÚ ', 10, '0000-00-00 00:00:00', '0000-00-00 00:00:00', '23182 ', '23'),
(207, 'CHIPAQUE ', 11, '0000-00-00 00:00:00', '0000-00-00 00:00:00', '25178 ', '25'),
(208, 'CHIPATÁ ', 21, '0000-00-00 00:00:00', '0000-00-00 00:00:00', '68179 ', '68'),
(209, 'CHIQUINQUIRÁ ', 5, '0000-00-00 00:00:00', '0000-00-00 00:00:00', '15176 ', '15'),
(210, 'CHÍQUIZA ', 5, '0000-00-00 00:00:00', '0000-00-00 00:00:00', '15232 ', '15'),
(211, 'CHIRIGUANÁ ', 9, '0000-00-00 00:00:00', '0000-00-00 00:00:00', '20178 ', '20'),
(212, 'CHISCAS ', 5, '0000-00-00 00:00:00', '0000-00-00 00:00:00', '15180 ', '15'),
(213, 'CHITA ', 5, '0000-00-00 00:00:00', '0000-00-00 00:00:00', '15183 ', '15'),
(214, 'CHITAGÁ ', 18, '0000-00-00 00:00:00', '0000-00-00 00:00:00', '54174 ', '54'),
(215, 'CHITARAQUE ', 5, '0000-00-00 00:00:00', '0000-00-00 00:00:00', '15185 ', '15'),
(216, 'CHIVATÁ ', 5, '0000-00-00 00:00:00', '0000-00-00 00:00:00', '15187 ', '15'),
(217, 'CHIVOR ', 5, '0000-00-00 00:00:00', '0000-00-00 00:00:00', '15236 ', '15'),
(218, 'CHOACHÍ ', 11, '0000-00-00 00:00:00', '0000-00-00 00:00:00', '25181 ', '25'),
(219, 'CHOCONTÁ ', 11, '0000-00-00 00:00:00', '0000-00-00 00:00:00', '25183 ', '25'),
(220, 'CICUCO ', 4, '0000-00-00 00:00:00', '0000-00-00 00:00:00', '13188 ', '13'),
(221, 'CIÉNAGA ', 15, '0000-00-00 00:00:00', '0000-00-00 00:00:00', '47189 ', '47'),
(222, 'CIÉNAGA DE ORO ', 10, '0000-00-00 00:00:00', '0000-00-00 00:00:00', '23189 ', '23'),
(223, 'CIÉNEGA ', 5, '0000-00-00 00:00:00', '0000-00-00 00:00:00', '15189 ', '15'),
(224, 'CIMITARRA ', 21, '0000-00-00 00:00:00', '0000-00-00 00:00:00', '68190 ', '68'),
(225, 'CIRCASIA ', 19, '0000-00-00 00:00:00', '0000-00-00 00:00:00', '63190 ', '63'),
(226, 'CISNEROS ', 1, '0000-00-00 00:00:00', '0000-00-00 00:00:00', '05190 ', '05'),
(227, 'CIUDAD BOLÍVAR ', 1, '0000-00-00 00:00:00', '0000-00-00 00:00:00', '05101 ', '05'),
(228, 'CLEMENCIA ', 4, '0000-00-00 00:00:00', '0000-00-00 00:00:00', '13222 ', '13'),
(229, 'COCORNÁ ', 1, '0000-00-00 00:00:00', '0000-00-00 00:00:00', '05197 ', '05'),
(230, 'COELLO ', 23, '0000-00-00 00:00:00', '0000-00-00 00:00:00', '73200 ', '73'),
(231, 'COGUA ', 11, '0000-00-00 00:00:00', '0000-00-00 00:00:00', '25200 ', '25'),
(232, 'COLOMBIA ', 13, '0000-00-00 00:00:00', '0000-00-00 00:00:00', '41206 ', '41'),
(233, 'COLÓN ', 17, '0000-00-00 00:00:00', '0000-00-00 00:00:00', '52203 ', '52'),
(234, 'COLÓN ', 27, '0000-00-00 00:00:00', '0000-00-00 00:00:00', '86219 ', '86'),
(235, 'COLOSO ', 22, '0000-00-00 00:00:00', '0000-00-00 00:00:00', '70204 ', '70'),
(236, 'CÓMBITA ', 5, '0000-00-00 00:00:00', '0000-00-00 00:00:00', '15204 ', '15'),
(237, 'CONCEPCIÓN ', 1, '0000-00-00 00:00:00', '0000-00-00 00:00:00', '05206 ', '05'),
(238, 'CONCEPCIÓN ', 21, '0000-00-00 00:00:00', '0000-00-00 00:00:00', '68207 ', '68'),
(239, 'CONCORDIA ', 1, '0000-00-00 00:00:00', '0000-00-00 00:00:00', '05209 ', '05'),
(240, 'CONCORDIA ', 15, '0000-00-00 00:00:00', '0000-00-00 00:00:00', '47205 ', '47'),
(241, 'CONDOTO ', 12, '0000-00-00 00:00:00', '0000-00-00 00:00:00', '27205 ', '27'),
(242, 'CONFINES ', 21, '0000-00-00 00:00:00', '0000-00-00 00:00:00', '68209 ', '68'),
(243, 'CONSACA ', 17, '0000-00-00 00:00:00', '0000-00-00 00:00:00', '52207 ', '52'),
(244, 'CONTADERO ', 17, '0000-00-00 00:00:00', '0000-00-00 00:00:00', '52210 ', '52'),
(245, 'CONTRATACIÓN ', 21, '0000-00-00 00:00:00', '0000-00-00 00:00:00', '68211 ', '68'),
(246, 'CONVENCIÓN ', 18, '0000-00-00 00:00:00', '0000-00-00 00:00:00', '54206 ', '54'),
(247, 'COPACABANA ', 1, '0000-00-00 00:00:00', '0000-00-00 00:00:00', '05212 ', '05'),
(248, 'COPER ', 5, '0000-00-00 00:00:00', '0000-00-00 00:00:00', '15212 ', '15'),
(249, 'CÓRDOBA ', 4, '0000-00-00 00:00:00', '0000-00-00 00:00:00', '13212 ', '13'),
(250, 'CÓRDOBA ', 17, '0000-00-00 00:00:00', '0000-00-00 00:00:00', '52215 ', '52'),
(251, 'CÓRDOBA ', 19, '0000-00-00 00:00:00', '0000-00-00 00:00:00', '63212 ', '63'),
(252, 'CORINTO ', 8, '0000-00-00 00:00:00', '0000-00-00 00:00:00', '19212 ', '19'),
(253, 'COROMORO ', 21, '0000-00-00 00:00:00', '0000-00-00 00:00:00', '68217 ', '68'),
(254, 'COROZAL ', 22, '0000-00-00 00:00:00', '0000-00-00 00:00:00', '70215 ', '70'),
(255, 'CORRALES ', 5, '0000-00-00 00:00:00', '0000-00-00 00:00:00', '15215 ', '15'),
(256, 'COTA ', 11, '0000-00-00 00:00:00', '0000-00-00 00:00:00', '25214 ', '25'),
(257, 'COTORRA ', 10, '0000-00-00 00:00:00', '0000-00-00 00:00:00', '23300 ', '23'),
(258, 'COVARACHÍA ', 5, '0000-00-00 00:00:00', '0000-00-00 00:00:00', '15218 ', '15'),
(259, 'COVEŃAS ', 22, '0000-00-00 00:00:00', '0000-00-00 00:00:00', '70221 ', '70'),
(260, 'COYAIMA ', 23, '0000-00-00 00:00:00', '0000-00-00 00:00:00', '73217 ', '73'),
(261, 'CRAVO NORTE ', 25, '0000-00-00 00:00:00', '0000-00-00 00:00:00', '81220 ', '81'),
(262, 'CUASPUD ', 17, '0000-00-00 00:00:00', '0000-00-00 00:00:00', '52224 ', '52'),
(263, 'CUBARÁ ', 5, '0000-00-00 00:00:00', '0000-00-00 00:00:00', '15223 ', '15'),
(264, 'CUBARRAL ', 16, '0000-00-00 00:00:00', '0000-00-00 00:00:00', '50223 ', '50'),
(265, 'CUCAITA ', 5, '0000-00-00 00:00:00', '0000-00-00 00:00:00', '15224 ', '15'),
(266, 'CUCUNUBÁ ', 11, '0000-00-00 00:00:00', '0000-00-00 00:00:00', '25224 ', '25'),
(267, 'CÚCUTA ', 18, '0000-00-00 00:00:00', '0000-00-00 00:00:00', '54001 ', '54'),
(268, 'CUCUTILLA ', 18, '0000-00-00 00:00:00', '0000-00-00 00:00:00', '54223 ', '54'),
(269, 'CUÍTIVA ', 5, '0000-00-00 00:00:00', '0000-00-00 00:00:00', '15226 ', '15'),
(270, 'CUMARAL ', 16, '0000-00-00 00:00:00', '0000-00-00 00:00:00', '50226 ', '50'),
(271, 'CUMARIBO ', 33, '0000-00-00 00:00:00', '0000-00-00 00:00:00', '99773 ', '99'),
(272, 'CUMBAL ', 17, '0000-00-00 00:00:00', '0000-00-00 00:00:00', '52227 ', '52'),
(273, 'CUMBITARA ', 17, '0000-00-00 00:00:00', '0000-00-00 00:00:00', '52233 ', '52'),
(274, 'CUNDAY ', 23, '0000-00-00 00:00:00', '0000-00-00 00:00:00', '73226 ', '73'),
(275, 'CURILLO ', 7, '0000-00-00 00:00:00', '0000-00-00 00:00:00', '18205 ', '18'),
(276, 'CURITÍ ', 21, '0000-00-00 00:00:00', '0000-00-00 00:00:00', '68229 ', '68'),
(277, 'CURUMANÍ ', 9, '0000-00-00 00:00:00', '0000-00-00 00:00:00', '20228 ', '20'),
(278, 'DABEIBA ', 1, '0000-00-00 00:00:00', '0000-00-00 00:00:00', '05234 ', '05'),
(279, 'DAGUA ', 24, '0000-00-00 00:00:00', '0000-00-00 00:00:00', '76233 ', '76'),
(280, 'DIBULLA ', 14, '0000-00-00 00:00:00', '0000-00-00 00:00:00', '44090 ', '44'),
(281, 'DISTRACCIÓN ', 14, '0000-00-00 00:00:00', '0000-00-00 00:00:00', '44098 ', '44'),
(282, 'DOLORES ', 23, '0000-00-00 00:00:00', '0000-00-00 00:00:00', '73236 ', '73'),
(283, 'DON MATÍAS ', 1, '0000-00-00 00:00:00', '0000-00-00 00:00:00', '05237 ', '05'),
(284, 'DOSQUEBRADAS ', 20, '0000-00-00 00:00:00', '0000-00-00 00:00:00', '66170 ', '66'),
(285, 'DUITAMA ', 5, '0000-00-00 00:00:00', '0000-00-00 00:00:00', '15238 ', '15'),
(286, 'DURANIA ', 18, '0000-00-00 00:00:00', '0000-00-00 00:00:00', '54239 ', '54'),
(287, 'EBÉJICO ', 1, '0000-00-00 00:00:00', '0000-00-00 00:00:00', '05240 ', '05'),
(288, 'EL ÁGUILA ', 24, '0000-00-00 00:00:00', '0000-00-00 00:00:00', '76243 ', '76'),
(289, 'EL BAGRE ', 1, '0000-00-00 00:00:00', '0000-00-00 00:00:00', '05250 ', '05'),
(290, 'EL BANCO ', 15, '0000-00-00 00:00:00', '0000-00-00 00:00:00', '47245 ', '47'),
(291, 'EL CAIRO ', 24, '0000-00-00 00:00:00', '0000-00-00 00:00:00', '76246 ', '76'),
(292, 'EL CALVARIO ', 16, '0000-00-00 00:00:00', '0000-00-00 00:00:00', '50245 ', '50'),
(293, 'EL CANTÓN DEL SAN PABLO ', 12, '0000-00-00 00:00:00', '0000-00-00 00:00:00', '27135 ', '27'),
(294, 'EL CARMEN ', 18, '0000-00-00 00:00:00', '0000-00-00 00:00:00', '54245 ', '54'),
(295, 'EL CARMEN DE ATRATO ', 12, '0000-00-00 00:00:00', '0000-00-00 00:00:00', '27245 ', '27'),
(296, 'EL CARMEN DE BOLÍVAR ', 4, '0000-00-00 00:00:00', '0000-00-00 00:00:00', '13244 ', '13'),
(297, 'EL CARMEN DE CHUCURÍ ', 21, '0000-00-00 00:00:00', '0000-00-00 00:00:00', '68235 ', '68'),
(298, 'EL CARMEN DE VIBORAL ', 1, '0000-00-00 00:00:00', '0000-00-00 00:00:00', '05148 ', '05'),
(299, 'EL CASTILLO ', 16, '0000-00-00 00:00:00', '0000-00-00 00:00:00', '50251 ', '50'),
(300, 'EL CERRITO ', 24, '0000-00-00 00:00:00', '0000-00-00 00:00:00', '76248 ', '76'),
(301, 'EL CHARCO ', 17, '0000-00-00 00:00:00', '0000-00-00 00:00:00', '52250 ', '52'),
(302, 'EL COCUY ', 5, '0000-00-00 00:00:00', '0000-00-00 00:00:00', '15244 ', '15'),
(303, 'EL COLEGIO ', 11, '0000-00-00 00:00:00', '0000-00-00 00:00:00', '25245 ', '25'),
(304, 'EL COPEY ', 9, '0000-00-00 00:00:00', '0000-00-00 00:00:00', '20238 ', '20'),
(305, 'EL DONCELLO ', 7, '0000-00-00 00:00:00', '0000-00-00 00:00:00', '18247 ', '18'),
(306, 'EL DORADO ', 16, '0000-00-00 00:00:00', '0000-00-00 00:00:00', '50270 ', '50'),
(307, 'EL DOVIO ', 24, '0000-00-00 00:00:00', '0000-00-00 00:00:00', '76250 ', '76'),
(308, 'EL ENCANTO ', 29, '0000-00-00 00:00:00', '0000-00-00 00:00:00', '91263 ', '91'),
(309, 'EL ESPINO ', 5, '0000-00-00 00:00:00', '0000-00-00 00:00:00', '15248 ', '15'),
(310, 'EL GUACAMAYO ', 21, '0000-00-00 00:00:00', '0000-00-00 00:00:00', '68245 ', '68'),
(311, 'EL GUAMO ', 4, '0000-00-00 00:00:00', '0000-00-00 00:00:00', '13248 ', '13'),
(312, 'EL LITORAL DEL SAN JUAN ', 12, '0000-00-00 00:00:00', '0000-00-00 00:00:00', '27250 ', '27'),
(313, 'EL MOLINO ', 14, '0000-00-00 00:00:00', '0000-00-00 00:00:00', '44110 ', '44'),
(314, 'EL PASO ', 9, '0000-00-00 00:00:00', '0000-00-00 00:00:00', '20250 ', '20'),
(315, 'EL PAUJIL ', 7, '0000-00-00 00:00:00', '0000-00-00 00:00:00', '18256 ', '18'),
(316, 'EL PEŃOL ', 17, '0000-00-00 00:00:00', '0000-00-00 00:00:00', '52254 ', '52'),
(317, 'EL PEŃÓN ', 4, '0000-00-00 00:00:00', '0000-00-00 00:00:00', '13268 ', '13'),
(318, 'EL PEŃÓN ', 11, '0000-00-00 00:00:00', '0000-00-00 00:00:00', '25258 ', '25'),
(319, 'EL PEŃÓN ', 21, '0000-00-00 00:00:00', '0000-00-00 00:00:00', '68250 ', '68'),
(320, 'EL PIŃON ', 15, '0000-00-00 00:00:00', '0000-00-00 00:00:00', '47258 ', '47'),
(321, 'EL PLAYÓN ', 21, '0000-00-00 00:00:00', '0000-00-00 00:00:00', '68255 ', '68'),
(322, 'EL RETÉN ', 15, '0000-00-00 00:00:00', '0000-00-00 00:00:00', '47268 ', '47'),
(323, 'EL RETORNO ', 31, '0000-00-00 00:00:00', '0000-00-00 00:00:00', '95025 ', '95'),
(324, 'EL ROBLE ', 22, '0000-00-00 00:00:00', '0000-00-00 00:00:00', '70233 ', '70'),
(325, 'EL ROSAL ', 11, '0000-00-00 00:00:00', '0000-00-00 00:00:00', '25260 ', '25'),
(326, 'EL ROSARIO ', 17, '0000-00-00 00:00:00', '0000-00-00 00:00:00', '52256 ', '52'),
(327, 'EL SANTUARIO ', 1, '0000-00-00 00:00:00', '0000-00-00 00:00:00', '05697 ', '05'),
(328, 'EL TABLÓN DE GÓMEZ ', 17, '0000-00-00 00:00:00', '0000-00-00 00:00:00', '52258 ', '52'),
(329, 'EL TAMBO ', 8, '0000-00-00 00:00:00', '0000-00-00 00:00:00', '19256 ', '19'),
(330, 'EL TAMBO ', 17, '0000-00-00 00:00:00', '0000-00-00 00:00:00', '52260 ', '52'),
(331, 'EL TARRA ', 18, '0000-00-00 00:00:00', '0000-00-00 00:00:00', '54250 ', '54'),
(332, 'EL ZULIA ', 18, '0000-00-00 00:00:00', '0000-00-00 00:00:00', '54261 ', '54'),
(333, 'ELÍAS ', 13, '0000-00-00 00:00:00', '0000-00-00 00:00:00', '41244 ', '41'),
(334, 'ENCINO ', 21, '0000-00-00 00:00:00', '0000-00-00 00:00:00', '68264 ', '68'),
(335, 'ENCISO ', 21, '0000-00-00 00:00:00', '0000-00-00 00:00:00', '68266 ', '68'),
(336, 'ENTRERRIOS ', 1, '0000-00-00 00:00:00', '0000-00-00 00:00:00', '05264 ', '05'),
(337, 'ENVIGADO ', 1, '0000-00-00 00:00:00', '0000-00-00 00:00:00', '05266 ', '05'),
(338, 'ESPINAL ', 23, '0000-00-00 00:00:00', '0000-00-00 00:00:00', '73268 ', '73'),
(339, 'FACATATIVÁ ', 11, '0000-00-00 00:00:00', '0000-00-00 00:00:00', '25269 ', '25'),
(340, 'FALAN ', 23, '0000-00-00 00:00:00', '0000-00-00 00:00:00', '73270 ', '73'),
(341, 'FILADELFIA ', 6, '0000-00-00 00:00:00', '0000-00-00 00:00:00', '17272 ', '17'),
(342, 'FILANDIA ', 19, '0000-00-00 00:00:00', '0000-00-00 00:00:00', '63272 ', '63'),
(343, 'FIRAVITOBA ', 5, '0000-00-00 00:00:00', '0000-00-00 00:00:00', '15272 ', '15'),
(344, 'FLANDES ', 23, '0000-00-00 00:00:00', '0000-00-00 00:00:00', '73275 ', '73'),
(345, 'FLORENCIA ', 7, '0000-00-00 00:00:00', '0000-00-00 00:00:00', '18001 ', '18'),
(346, 'FLORENCIA ', 8, '0000-00-00 00:00:00', '0000-00-00 00:00:00', '19290 ', '19'),
(347, 'FLORESTA ', 5, '0000-00-00 00:00:00', '0000-00-00 00:00:00', '15276 ', '15'),
(348, 'FLORIÁN ', 21, '0000-00-00 00:00:00', '0000-00-00 00:00:00', '68271 ', '68'),
(349, 'FLORIDA ', 24, '0000-00-00 00:00:00', '0000-00-00 00:00:00', '76275 ', '76'),
(350, 'FLORIDABLANCA ', 21, '0000-00-00 00:00:00', '0000-00-00 00:00:00', '68276 ', '68'),
(351, 'FOMEQUE ', 11, '0000-00-00 00:00:00', '0000-00-00 00:00:00', '25279 ', '25'),
(352, 'FONSECA ', 14, '0000-00-00 00:00:00', '0000-00-00 00:00:00', '44279 ', '44'),
(353, 'FORTUL ', 25, '0000-00-00 00:00:00', '0000-00-00 00:00:00', '81300 ', '81'),
(354, 'FOSCA ', 11, '0000-00-00 00:00:00', '0000-00-00 00:00:00', '25281 ', '25'),
(355, 'FRANCISCO PIZARRO ', 17, '0000-00-00 00:00:00', '0000-00-00 00:00:00', '52520 ', '52'),
(356, 'FREDONIA ', 1, '0000-00-00 00:00:00', '0000-00-00 00:00:00', '05282 ', '05'),
(357, 'FRESNO ', 23, '0000-00-00 00:00:00', '0000-00-00 00:00:00', '73283 ', '73'),
(358, 'FRONTINO ', 1, '0000-00-00 00:00:00', '0000-00-00 00:00:00', '05284 ', '05'),
(359, 'FUENTE DE ORO ', 16, '0000-00-00 00:00:00', '0000-00-00 00:00:00', '50287 ', '50'),
(360, 'FUNDACIÓN ', 15, '0000-00-00 00:00:00', '0000-00-00 00:00:00', '47288 ', '47'),
(361, 'FUNES ', 17, '0000-00-00 00:00:00', '0000-00-00 00:00:00', '52287 ', '52'),
(362, 'FUNZA ', 11, '0000-00-00 00:00:00', '0000-00-00 00:00:00', '25286 ', '25'),
(363, 'FÚQUENE ', 11, '0000-00-00 00:00:00', '0000-00-00 00:00:00', '25288 ', '25'),
(364, 'FUSAGASUGÁ ', 11, '0000-00-00 00:00:00', '0000-00-00 00:00:00', '25290 ', '25'),
(365, 'GACHALA ', 11, '0000-00-00 00:00:00', '0000-00-00 00:00:00', '25293 ', '25'),
(366, 'GACHANCIPÁ ', 11, '0000-00-00 00:00:00', '0000-00-00 00:00:00', '25295 ', '25'),
(367, 'GACHANTIVÁ ', 5, '0000-00-00 00:00:00', '0000-00-00 00:00:00', '15293 ', '15'),
(368, 'GACHETÁ ', 11, '0000-00-00 00:00:00', '0000-00-00 00:00:00', '25297 ', '25'),
(369, 'GALÁN ', 21, '0000-00-00 00:00:00', '0000-00-00 00:00:00', '68296 ', '68'),
(370, 'GALAPA ', 2, '0000-00-00 00:00:00', '0000-00-00 00:00:00', '08296 ', '08'),
(371, 'GALERAS ', 22, '0000-00-00 00:00:00', '0000-00-00 00:00:00', '70235 ', '70'),
(372, 'GAMA ', 11, '0000-00-00 00:00:00', '0000-00-00 00:00:00', '25299 ', '25'),
(373, 'GAMARRA ', 9, '0000-00-00 00:00:00', '0000-00-00 00:00:00', '20295 ', '20'),
(374, 'GAMBITA ', 21, '0000-00-00 00:00:00', '0000-00-00 00:00:00', '68298 ', '68'),
(375, 'GAMEZA ', 5, '0000-00-00 00:00:00', '0000-00-00 00:00:00', '15296 ', '15'),
(376, 'GARAGOA ', 5, '0000-00-00 00:00:00', '0000-00-00 00:00:00', '15299 ', '15'),
(377, 'GARZÓN ', 13, '0000-00-00 00:00:00', '0000-00-00 00:00:00', '41298 ', '41'),
(378, 'GÉNOVA ', 19, '0000-00-00 00:00:00', '0000-00-00 00:00:00', '63302 ', '63'),
(379, 'GIGANTE ', 13, '0000-00-00 00:00:00', '0000-00-00 00:00:00', '41306 ', '41'),
(380, 'GINEBRA ', 24, '0000-00-00 00:00:00', '0000-00-00 00:00:00', '76306 ', '76'),
(381, 'GIRALDO ', 1, '0000-00-00 00:00:00', '0000-00-00 00:00:00', '05306 ', '05'),
(382, 'GIRARDOT ', 11, '0000-00-00 00:00:00', '0000-00-00 00:00:00', '25307 ', '25'),
(383, 'GIRARDOTA ', 1, '0000-00-00 00:00:00', '0000-00-00 00:00:00', '05308 ', '05'),
(384, 'GIRÓN ', 21, '0000-00-00 00:00:00', '0000-00-00 00:00:00', '68307 ', '68'),
(385, 'GÓMEZ PLATA ', 1, '0000-00-00 00:00:00', '0000-00-00 00:00:00', '05310 ', '05'),
(386, 'GONZÁLEZ ', 9, '0000-00-00 00:00:00', '0000-00-00 00:00:00', '20310 ', '20'),
(387, 'GRAMALOTE ', 18, '0000-00-00 00:00:00', '0000-00-00 00:00:00', '54313 ', '54'),
(388, 'GRANADA ', 1, '0000-00-00 00:00:00', '0000-00-00 00:00:00', '05313 ', '05'),
(389, 'GRANADA ', 11, '0000-00-00 00:00:00', '0000-00-00 00:00:00', '25312 ', '25'),
(390, 'GRANADA ', 16, '0000-00-00 00:00:00', '0000-00-00 00:00:00', '50313 ', '50'),
(391, 'GUACA ', 21, '0000-00-00 00:00:00', '0000-00-00 00:00:00', '68318 ', '68'),
(392, 'GUACAMAYAS ', 5, '0000-00-00 00:00:00', '0000-00-00 00:00:00', '15317 ', '15'),
(393, 'GUACARÍ ', 24, '0000-00-00 00:00:00', '0000-00-00 00:00:00', '76318 ', '76'),
(394, 'GUACHETÁ ', 11, '0000-00-00 00:00:00', '0000-00-00 00:00:00', '25317 ', '25'),
(395, 'GUACHUCAL ', 17, '0000-00-00 00:00:00', '0000-00-00 00:00:00', '52317 ', '52'),
(396, 'GUADALAJARA DE BUGA ', 24, '0000-00-00 00:00:00', '0000-00-00 00:00:00', '76111 ', '76'),
(397, 'GUADALUPE ', 1, '0000-00-00 00:00:00', '0000-00-00 00:00:00', '05315 ', '05'),
(398, 'GUADALUPE ', 13, '0000-00-00 00:00:00', '0000-00-00 00:00:00', '41319 ', '41'),
(399, 'GUADALUPE ', 21, '0000-00-00 00:00:00', '0000-00-00 00:00:00', '68320 ', '68'),
(400, 'GUADUAS ', 11, '0000-00-00 00:00:00', '0000-00-00 00:00:00', '25320 ', '25'),
(401, 'GUAITARILLA ', 17, '0000-00-00 00:00:00', '0000-00-00 00:00:00', '52320 ', '52'),
(402, 'GUALMATÁN ', 17, '0000-00-00 00:00:00', '0000-00-00 00:00:00', '52323 ', '52'),
(403, 'GUAMAL ', 15, '0000-00-00 00:00:00', '0000-00-00 00:00:00', '47318 ', '47'),
(404, 'GUAMAL ', 16, '0000-00-00 00:00:00', '0000-00-00 00:00:00', '50318 ', '50'),
(405, 'GUAMO ', 23, '0000-00-00 00:00:00', '0000-00-00 00:00:00', '73319 ', '73'),
(406, 'GUAPI ', 8, '0000-00-00 00:00:00', '0000-00-00 00:00:00', '19318 ', '19'),
(407, 'GUAPOTÁ ', 21, '0000-00-00 00:00:00', '0000-00-00 00:00:00', '68322 ', '68'),
(408, 'GUARANDA ', 22, '0000-00-00 00:00:00', '0000-00-00 00:00:00', '70265 ', '70'),
(409, 'GUARNE ', 1, '0000-00-00 00:00:00', '0000-00-00 00:00:00', '05318 ', '05'),
(410, 'GUASCA ', 11, '0000-00-00 00:00:00', '0000-00-00 00:00:00', '25322 ', '25'),
(411, 'GUATAPE ', 1, '0000-00-00 00:00:00', '0000-00-00 00:00:00', '05321 ', '05'),
(412, 'GUATAQUÍ ', 11, '0000-00-00 00:00:00', '0000-00-00 00:00:00', '25324 ', '25'),
(413, 'GUATAVITA ', 11, '0000-00-00 00:00:00', '0000-00-00 00:00:00', '25326 ', '25'),
(414, 'GUATEQUE ', 5, '0000-00-00 00:00:00', '0000-00-00 00:00:00', '15322 ', '15'),
(415, 'GUÁTICA ', 20, '0000-00-00 00:00:00', '0000-00-00 00:00:00', '66318 ', '66'),
(416, 'GUAVATÁ ', 21, '0000-00-00 00:00:00', '0000-00-00 00:00:00', '68324 ', '68'),
(417, 'GUAYABAL DE SIQUIMA ', 11, '0000-00-00 00:00:00', '0000-00-00 00:00:00', '25328 ', '25'),
(418, 'GUAYABETAL ', 11, '0000-00-00 00:00:00', '0000-00-00 00:00:00', '25335 ', '25'),
(419, 'GUAYATÁ ', 5, '0000-00-00 00:00:00', '0000-00-00 00:00:00', '15325 ', '15'),
(420, 'GÜEPSA ', 21, '0000-00-00 00:00:00', '0000-00-00 00:00:00', '68327 ', '68'),
(421, 'GÜICÁN ', 5, '0000-00-00 00:00:00', '0000-00-00 00:00:00', '15332 ', '15'),
(422, 'GUTIÉRREZ ', 11, '0000-00-00 00:00:00', '0000-00-00 00:00:00', '25339 ', '25'),
(423, 'HACARÍ ', 18, '0000-00-00 00:00:00', '0000-00-00 00:00:00', '54344 ', '54'),
(424, 'HATILLO DE LOBA ', 4, '0000-00-00 00:00:00', '0000-00-00 00:00:00', '13300 ', '13'),
(425, 'HATO ', 21, '0000-00-00 00:00:00', '0000-00-00 00:00:00', '68344 ', '68'),
(426, 'HATO COROZAL ', 26, '0000-00-00 00:00:00', '0000-00-00 00:00:00', '85125 ', '85'),
(427, 'HATONUEVO ', 14, '0000-00-00 00:00:00', '0000-00-00 00:00:00', '44378 ', '44'),
(428, 'HELICONIA ', 1, '0000-00-00 00:00:00', '0000-00-00 00:00:00', '05347 ', '05'),
(429, 'HERRÁN ', 18, '0000-00-00 00:00:00', '0000-00-00 00:00:00', '54347 ', '54'),
(430, 'HERVEO ', 23, '0000-00-00 00:00:00', '0000-00-00 00:00:00', '73347 ', '73'),
(431, 'HISPANIA ', 1, '0000-00-00 00:00:00', '0000-00-00 00:00:00', '05353 ', '05'),
(432, 'HOBO ', 13, '0000-00-00 00:00:00', '0000-00-00 00:00:00', '41349 ', '41'),
(433, 'HONDA ', 23, '0000-00-00 00:00:00', '0000-00-00 00:00:00', '73349 ', '73'),
(434, 'IBAGUÉ ', 23, '0000-00-00 00:00:00', '0000-00-00 00:00:00', '73001 ', '73'),
(435, 'ICONONZO ', 23, '0000-00-00 00:00:00', '0000-00-00 00:00:00', '73352 ', '73'),
(436, 'ILES ', 17, '0000-00-00 00:00:00', '0000-00-00 00:00:00', '52352 ', '52'),
(437, 'IMUÉS ', 17, '0000-00-00 00:00:00', '0000-00-00 00:00:00', '52354 ', '52'),
(438, 'INÍRIDA ', 30, '0000-00-00 00:00:00', '0000-00-00 00:00:00', '94001 ', '94'),
(439, 'INZÁ ', 8, '0000-00-00 00:00:00', '0000-00-00 00:00:00', '19355 ', '19'),
(440, 'IPIALES ', 17, '0000-00-00 00:00:00', '0000-00-00 00:00:00', '52356 ', '52'),
(441, 'IQUIRA ', 13, '0000-00-00 00:00:00', '0000-00-00 00:00:00', '41357 ', '41'),
(442, 'ISNOS ', 13, '0000-00-00 00:00:00', '0000-00-00 00:00:00', '41359 ', '41'),
(443, 'ISTMINA ', 12, '0000-00-00 00:00:00', '0000-00-00 00:00:00', '27361 ', '27'),
(444, 'ITAGUI ', 1, '0000-00-00 00:00:00', '0000-00-00 00:00:00', '05360 ', '05'),
(445, 'ITUANGO ', 1, '0000-00-00 00:00:00', '0000-00-00 00:00:00', '05361 ', '05'),
(446, 'IZA ', 5, '0000-00-00 00:00:00', '0000-00-00 00:00:00', '15362 ', '15'),
(447, 'JAMBALÓ ', 8, '0000-00-00 00:00:00', '0000-00-00 00:00:00', '19364 ', '19'),
(448, 'JAMUNDÍ ', 24, '0000-00-00 00:00:00', '0000-00-00 00:00:00', '76364 ', '76'),
(449, 'JARDÍN ', 1, '0000-00-00 00:00:00', '0000-00-00 00:00:00', '05364 ', '05'),
(450, 'JENESANO ', 5, '0000-00-00 00:00:00', '0000-00-00 00:00:00', '15367 ', '15'),
(451, 'JERICÓ ', 1, '0000-00-00 00:00:00', '0000-00-00 00:00:00', '05368 ', '05'),
(452, 'JERICÓ ', 5, '0000-00-00 00:00:00', '0000-00-00 00:00:00', '15368 ', '15'),
(453, 'JERUSALÉN ', 11, '0000-00-00 00:00:00', '0000-00-00 00:00:00', '25368 ', '25'),
(454, 'JESÚS MARÍA ', 21, '0000-00-00 00:00:00', '0000-00-00 00:00:00', '68368 ', '68'),
(455, 'JORDÁN ', 21, '0000-00-00 00:00:00', '0000-00-00 00:00:00', '68370 ', '68'),
(456, 'JUAN DE ACOSTA ', 2, '0000-00-00 00:00:00', '0000-00-00 00:00:00', '08372 ', '08'),
(457, 'JUNÍN ', 11, '0000-00-00 00:00:00', '0000-00-00 00:00:00', '25372 ', '25'),
(458, 'JURADÓ ', 12, '0000-00-00 00:00:00', '0000-00-00 00:00:00', '27372 ', '27'),
(459, 'LA APARTADA ', 10, '0000-00-00 00:00:00', '0000-00-00 00:00:00', '23350 ', '23'),
(460, 'LA ARGENTINA ', 13, '0000-00-00 00:00:00', '0000-00-00 00:00:00', '41378 ', '41'),
(461, 'LA BELLEZA ', 21, '0000-00-00 00:00:00', '0000-00-00 00:00:00', '68377 ', '68'),
(462, 'LA CALERA ', 11, '0000-00-00 00:00:00', '0000-00-00 00:00:00', '25377 ', '25'),
(463, 'LA CAPILLA ', 5, '0000-00-00 00:00:00', '0000-00-00 00:00:00', '15380 ', '15'),
(464, 'LA CEJA ', 1, '0000-00-00 00:00:00', '0000-00-00 00:00:00', '05376 ', '05'),
(465, 'LA CELIA ', 20, '0000-00-00 00:00:00', '0000-00-00 00:00:00', '66383 ', '66'),
(466, 'LA CHORRERA ', 29, '0000-00-00 00:00:00', '0000-00-00 00:00:00', '91405 ', '91'),
(467, 'LA CRUZ ', 17, '0000-00-00 00:00:00', '0000-00-00 00:00:00', '52378 ', '52'),
(468, 'LA CUMBRE ', 24, '0000-00-00 00:00:00', '0000-00-00 00:00:00', '76377 ', '76'),
(469, 'LA DORADA ', 6, '0000-00-00 00:00:00', '0000-00-00 00:00:00', '17380 ', '17'),
(470, 'LA ESPERANZA ', 18, '0000-00-00 00:00:00', '0000-00-00 00:00:00', '54385 ', '54'),
(471, 'LA ESTRELLA ', 1, '0000-00-00 00:00:00', '0000-00-00 00:00:00', '05380 ', '05'),
(472, 'LA FLORIDA ', 17, '0000-00-00 00:00:00', '0000-00-00 00:00:00', '52381 ', '52'),
(473, 'LA GLORIA ', 9, '0000-00-00 00:00:00', '0000-00-00 00:00:00', '20383 ', '20'),
(474, 'LA GUADALUPE ', 30, '0000-00-00 00:00:00', '0000-00-00 00:00:00', '94885 ', '94'),
(475, 'LA JAGUA DE IBIRICO ', 9, '0000-00-00 00:00:00', '0000-00-00 00:00:00', '20400 ', '20'),
(476, 'LA JAGUA DEL PILAR ', 14, '0000-00-00 00:00:00', '0000-00-00 00:00:00', '44420 ', '44'),
(477, 'LA LLANADA ', 17, '0000-00-00 00:00:00', '0000-00-00 00:00:00', '52385 ', '52'),
(478, 'LA MACARENA ', 16, '0000-00-00 00:00:00', '0000-00-00 00:00:00', '50350 ', '50'),
(479, 'LA MERCED ', 6, '0000-00-00 00:00:00', '0000-00-00 00:00:00', '17388 ', '17'),
(480, 'LA MESA ', 11, '0000-00-00 00:00:00', '0000-00-00 00:00:00', '25386 ', '25'),
(481, 'LA MONTAŃITA ', 7, '0000-00-00 00:00:00', '0000-00-00 00:00:00', '18410 ', '18'),
(482, 'LA PALMA ', 11, '0000-00-00 00:00:00', '0000-00-00 00:00:00', '25394 ', '25'),
(483, 'LA PAZ ', 9, '0000-00-00 00:00:00', '0000-00-00 00:00:00', '20621 ', '20'),
(484, 'LA PAZ ', 21, '0000-00-00 00:00:00', '0000-00-00 00:00:00', '68397 ', '68'),
(485, 'LA PEDRERA ', 29, '0000-00-00 00:00:00', '0000-00-00 00:00:00', '91407 ', '91'),
(486, 'LA PEŃA ', 11, '0000-00-00 00:00:00', '0000-00-00 00:00:00', '25398 ', '25'),
(487, 'LA PINTADA ', 1, '0000-00-00 00:00:00', '0000-00-00 00:00:00', '05390 ', '05'),
(488, 'LA PLATA ', 13, '0000-00-00 00:00:00', '0000-00-00 00:00:00', '41396 ', '41'),
(489, 'LA PLAYA ', 18, '0000-00-00 00:00:00', '0000-00-00 00:00:00', '54398 ', '54'),
(490, 'LA PRIMAVERA ', 33, '0000-00-00 00:00:00', '0000-00-00 00:00:00', '99524 ', '99'),
(491, 'LA SALINA ', 26, '0000-00-00 00:00:00', '0000-00-00 00:00:00', '85136 ', '85'),
(492, 'LA SIERRA ', 8, '0000-00-00 00:00:00', '0000-00-00 00:00:00', '19392 ', '19'),
(493, 'LA TEBAIDA ', 19, '0000-00-00 00:00:00', '0000-00-00 00:00:00', '63401 ', '63'),
(494, 'LA TOLA ', 17, '0000-00-00 00:00:00', '0000-00-00 00:00:00', '52390 ', '52'),
(495, 'LA UNIÓN ', 1, '0000-00-00 00:00:00', '0000-00-00 00:00:00', '05400 ', '05'),
(496, 'LA UNIÓN ', 17, '0000-00-00 00:00:00', '0000-00-00 00:00:00', '52399 ', '52'),
(497, 'LA UNIÓN ', 22, '0000-00-00 00:00:00', '0000-00-00 00:00:00', '70400 ', '70'),
(498, 'LA UNIÓN ', 24, '0000-00-00 00:00:00', '0000-00-00 00:00:00', '76400 ', '76'),
(499, 'LA UVITA ', 5, '0000-00-00 00:00:00', '0000-00-00 00:00:00', '15403 ', '15'),
(500, 'LA VEGA ', 8, '0000-00-00 00:00:00', '0000-00-00 00:00:00', '19397 ', '19'),
(501, 'LA VEGA ', 11, '0000-00-00 00:00:00', '0000-00-00 00:00:00', '25402 ', '25'),
(502, 'LA VICTORIA ', 5, '0000-00-00 00:00:00', '0000-00-00 00:00:00', '15401 ', '15'),
(503, 'LA VICTORIA ', 24, '0000-00-00 00:00:00', '0000-00-00 00:00:00', '76403 ', '76'),
(504, 'LA VICTORIA ', 29, '0000-00-00 00:00:00', '0000-00-00 00:00:00', '91430 ', '91'),
(505, 'LA VIRGINIA ', 20, '0000-00-00 00:00:00', '0000-00-00 00:00:00', '66400 ', '66'),
(506, 'LABATECA ', 18, '0000-00-00 00:00:00', '0000-00-00 00:00:00', '54377 ', '54'),
(507, 'LABRANZAGRANDE ', 5, '0000-00-00 00:00:00', '0000-00-00 00:00:00', '15377 ', '15'),
(508, 'LANDÁZURI ', 21, '0000-00-00 00:00:00', '0000-00-00 00:00:00', '68385 ', '68'),
(509, 'LEBRÍJA ', 21, '0000-00-00 00:00:00', '0000-00-00 00:00:00', '68406 ', '68'),
(510, 'LEGUÍZAMO ', 27, '0000-00-00 00:00:00', '0000-00-00 00:00:00', '86573 ', '86'),
(511, 'LEIVA ', 17, '0000-00-00 00:00:00', '0000-00-00 00:00:00', '52405 ', '52'),
(512, 'LEJANÍAS ', 16, '0000-00-00 00:00:00', '0000-00-00 00:00:00', '50400 ', '50'),
(513, 'LENGUAZAQUE ', 11, '0000-00-00 00:00:00', '0000-00-00 00:00:00', '25407 ', '25'),
(514, 'LÉRIDA ', 23, '0000-00-00 00:00:00', '0000-00-00 00:00:00', '73408 ', '73'),
(515, 'LETICIA ', 29, '0000-00-00 00:00:00', '0000-00-00 00:00:00', '91001 ', '91'),
(516, 'LÍBANO ', 23, '0000-00-00 00:00:00', '0000-00-00 00:00:00', '73411 ', '73'),
(517, 'LIBORINA ', 1, '0000-00-00 00:00:00', '0000-00-00 00:00:00', '05411 ', '05'),
(518, 'LINARES ', 17, '0000-00-00 00:00:00', '0000-00-00 00:00:00', '52411 ', '52'),
(519, 'LLORÓ ', 12, '0000-00-00 00:00:00', '0000-00-00 00:00:00', '27413 ', '27'),
(520, 'LÓPEZ ', 8, '0000-00-00 00:00:00', '0000-00-00 00:00:00', '19418 ', '19'),
(521, 'LORICA ', 10, '0000-00-00 00:00:00', '0000-00-00 00:00:00', '23417 ', '23'),
(522, 'LOS ANDES ', 17, '0000-00-00 00:00:00', '0000-00-00 00:00:00', '52418 ', '52'),
(523, 'LOS CÓRDOBAS ', 10, '0000-00-00 00:00:00', '0000-00-00 00:00:00', '23419 ', '23'),
(524, 'LOS PALMITOS ', 22, '0000-00-00 00:00:00', '0000-00-00 00:00:00', '70418 ', '70'),
(525, 'LOS PATIOS ', 18, '0000-00-00 00:00:00', '0000-00-00 00:00:00', '54405 ', '54'),
(526, 'LOS SANTOS ', 21, '0000-00-00 00:00:00', '0000-00-00 00:00:00', '68418 ', '68'),
(527, 'LOURDES ', 18, '0000-00-00 00:00:00', '0000-00-00 00:00:00', '54418 ', '54'),
(528, 'LURUACO ', 2, '0000-00-00 00:00:00', '0000-00-00 00:00:00', '08421 ', '08'),
(529, 'MACANAL ', 5, '0000-00-00 00:00:00', '0000-00-00 00:00:00', '15425 ', '15'),
(530, 'MACARAVITA ', 21, '0000-00-00 00:00:00', '0000-00-00 00:00:00', '68425 ', '68'),
(531, 'MACEO ', 1, '0000-00-00 00:00:00', '0000-00-00 00:00:00', '05425 ', '05'),
(532, 'MACHETA ', 11, '0000-00-00 00:00:00', '0000-00-00 00:00:00', '25426 ', '25'),
(533, 'MADRID ', 11, '0000-00-00 00:00:00', '0000-00-00 00:00:00', '25430 ', '25'),
(534, 'MAGANGUÉ ', 4, '0000-00-00 00:00:00', '0000-00-00 00:00:00', '13430 ', '13'),
(535, 'MAGÜI ', 17, '0000-00-00 00:00:00', '0000-00-00 00:00:00', '52427 ', '52'),
(536, 'MAHATES ', 4, '0000-00-00 00:00:00', '0000-00-00 00:00:00', '13433 ', '13'),
(537, 'MAICAO ', 14, '0000-00-00 00:00:00', '0000-00-00 00:00:00', '44430 ', '44'),
(538, 'MAJAGUAL ', 22, '0000-00-00 00:00:00', '0000-00-00 00:00:00', '70429 ', '70'),
(539, 'MÁLAGA ', 21, '0000-00-00 00:00:00', '0000-00-00 00:00:00', '68432 ', '68'),
(540, 'MALAMBO ', 2, '0000-00-00 00:00:00', '0000-00-00 00:00:00', '08433 ', '08'),
(541, 'MALLAMA ', 17, '0000-00-00 00:00:00', '0000-00-00 00:00:00', '52435 ', '52'),
(542, 'MANATÍ ', 2, '0000-00-00 00:00:00', '0000-00-00 00:00:00', '08436 ', '08'),
(543, 'MANAURE ', 9, '0000-00-00 00:00:00', '0000-00-00 00:00:00', '20443 ', '20'),
(544, 'MANAURE ', 14, '0000-00-00 00:00:00', '0000-00-00 00:00:00', '44560 ', '44'),
(545, 'MANÍ ', 26, '0000-00-00 00:00:00', '0000-00-00 00:00:00', '85139 ', '85'),
(546, 'MANIZALES ', 6, '0000-00-00 00:00:00', '0000-00-00 00:00:00', '17001 ', '17'),
(547, 'MANTA ', 11, '0000-00-00 00:00:00', '0000-00-00 00:00:00', '25436 ', '25'),
(548, 'MANZANARES ', 6, '0000-00-00 00:00:00', '0000-00-00 00:00:00', '17433 ', '17'),
(549, 'MAPIRIPÁN ', 16, '0000-00-00 00:00:00', '0000-00-00 00:00:00', '50325 ', '50'),
(550, 'MAPIRIPANA ', 30, '0000-00-00 00:00:00', '0000-00-00 00:00:00', '94663 ', '94'),
(551, 'MARGARITA ', 4, '0000-00-00 00:00:00', '0000-00-00 00:00:00', '13440 ', '13'),
(552, 'MARÍA LA BAJA ', 4, '0000-00-00 00:00:00', '0000-00-00 00:00:00', '13442 ', '13'),
(553, 'MARINILLA ', 1, '0000-00-00 00:00:00', '0000-00-00 00:00:00', '05440 ', '05'),
(554, 'MARIPÍ ', 5, '0000-00-00 00:00:00', '0000-00-00 00:00:00', '15442 ', '15'),
(555, 'MARIQUITA ', 23, '0000-00-00 00:00:00', '0000-00-00 00:00:00', '73443 ', '73'),
(556, 'MARMATO ', 6, '0000-00-00 00:00:00', '0000-00-00 00:00:00', '17442 ', '17'),
(557, 'MARQUETALIA ', 6, '0000-00-00 00:00:00', '0000-00-00 00:00:00', '17444 ', '17'),
(558, 'MARSELLA ', 20, '0000-00-00 00:00:00', '0000-00-00 00:00:00', '66440 ', '66'),
(559, 'MARULANDA ', 6, '0000-00-00 00:00:00', '0000-00-00 00:00:00', '17446 ', '17'),
(560, 'MATANZA ', 21, '0000-00-00 00:00:00', '0000-00-00 00:00:00', '68444 ', '68'),
(561, 'MEDELLÍN ', 1, '0000-00-00 00:00:00', '0000-00-00 00:00:00', '05001 ', '05'),
(562, 'MEDINA ', 11, '0000-00-00 00:00:00', '0000-00-00 00:00:00', '25438 ', '25'),
(563, 'MEDIO ATRATO ', 12, '0000-00-00 00:00:00', '0000-00-00 00:00:00', '27425 ', '27'),
(564, 'MEDIO BAUDÓ ', 12, '0000-00-00 00:00:00', '0000-00-00 00:00:00', '27430 ', '27'),
(565, 'MEDIO SAN JUAN ', 12, '0000-00-00 00:00:00', '0000-00-00 00:00:00', '27450 ', '27'),
(566, 'MELGAR ', 23, '0000-00-00 00:00:00', '0000-00-00 00:00:00', '73449 ', '73'),
(567, 'MERCADERES ', 8, '0000-00-00 00:00:00', '0000-00-00 00:00:00', '19450 ', '19'),
(568, 'MESETAS ', 16, '0000-00-00 00:00:00', '0000-00-00 00:00:00', '50330 ', '50'),
(569, 'MILÁN ', 7, '0000-00-00 00:00:00', '0000-00-00 00:00:00', '18460 ', '18'),
(570, 'MIRAFLORES ', 5, '0000-00-00 00:00:00', '0000-00-00 00:00:00', '15455 ', '15'),
(571, 'MIRAFLORES ', 31, '0000-00-00 00:00:00', '0000-00-00 00:00:00', '95200 ', '95'),
(572, 'MIRANDA ', 8, '0000-00-00 00:00:00', '0000-00-00 00:00:00', '19455 ', '19'),
(573, 'MIRITI - PARANÁ ', 29, '0000-00-00 00:00:00', '0000-00-00 00:00:00', '91460 ', '91'),
(574, 'MISTRATÓ ', 20, '0000-00-00 00:00:00', '0000-00-00 00:00:00', '66456 ', '66'),
(575, 'MITÚ ', 32, '0000-00-00 00:00:00', '0000-00-00 00:00:00', '97001 ', '97'),
(576, 'MOCOA ', 27, '0000-00-00 00:00:00', '0000-00-00 00:00:00', '86001 ', '86'),
(577, 'MOGOTES ', 21, '0000-00-00 00:00:00', '0000-00-00 00:00:00', '68464 ', '68'),
(578, 'MOLAGAVITA ', 21, '0000-00-00 00:00:00', '0000-00-00 00:00:00', '68468 ', '68'),
(579, 'MOMIL ', 10, '0000-00-00 00:00:00', '0000-00-00 00:00:00', '23464 ', '23'),
(580, 'MOMPÓS ', 4, '0000-00-00 00:00:00', '0000-00-00 00:00:00', '13468 ', '13'),
(581, 'MONGUA ', 5, '0000-00-00 00:00:00', '0000-00-00 00:00:00', '15464 ', '15'),
(582, 'MONGUÍ ', 5, '0000-00-00 00:00:00', '0000-00-00 00:00:00', '15466 ', '15'),
(583, 'MONIQUIRÁ ', 5, '0000-00-00 00:00:00', '0000-00-00 00:00:00', '15469 ', '15'),
(584, 'MONTEBELLO ', 1, '0000-00-00 00:00:00', '0000-00-00 00:00:00', '05467 ', '05'),
(585, 'MONTECRISTO ', 4, '0000-00-00 00:00:00', '0000-00-00 00:00:00', '13458 ', '13'),
(586, 'MONTELÍBANO ', 10, '0000-00-00 00:00:00', '0000-00-00 00:00:00', '23466 ', '23'),
(587, 'MONTENEGRO ', 19, '0000-00-00 00:00:00', '0000-00-00 00:00:00', '63470 ', '63'),
(588, 'MONTERÍA ', 10, '0000-00-00 00:00:00', '0000-00-00 00:00:00', '23001 ', '23'),
(589, 'MONTERREY ', 26, '0000-00-00 00:00:00', '0000-00-00 00:00:00', '85162 ', '85'),
(590, 'MOŃITOS ', 10, '0000-00-00 00:00:00', '0000-00-00 00:00:00', '23500 ', '23'),
(591, 'MORALES ', 4, '0000-00-00 00:00:00', '0000-00-00 00:00:00', '13473 ', '13'),
(592, 'MORALES ', 8, '0000-00-00 00:00:00', '0000-00-00 00:00:00', '19473 ', '19');
INSERT INTO `ciudades` (`id`, `nombre`, `departamento_id`, `created_at`, `updated_at`, `codigo`, `codigo_departamento`) VALUES
(593, 'MORELIA ', 7, '0000-00-00 00:00:00', '0000-00-00 00:00:00', '18479 ', '18'),
(594, 'MORICHAL ', 30, '0000-00-00 00:00:00', '0000-00-00 00:00:00', '94888 ', '94'),
(595, 'MORROA ', 22, '0000-00-00 00:00:00', '0000-00-00 00:00:00', '70473 ', '70'),
(596, 'MOSQUERA ', 11, '0000-00-00 00:00:00', '0000-00-00 00:00:00', '25473 ', '25'),
(597, 'MOSQUERA ', 17, '0000-00-00 00:00:00', '0000-00-00 00:00:00', '52473 ', '52'),
(598, 'MOTAVITA ', 5, '0000-00-00 00:00:00', '0000-00-00 00:00:00', '15476 ', '15'),
(599, 'MURILLO ', 23, '0000-00-00 00:00:00', '0000-00-00 00:00:00', '73461 ', '73'),
(600, 'MURINDÓ ', 1, '0000-00-00 00:00:00', '0000-00-00 00:00:00', '05475 ', '05'),
(601, 'MUTATÁ ', 1, '0000-00-00 00:00:00', '0000-00-00 00:00:00', '05480 ', '05'),
(602, 'MUTISCUA ', 18, '0000-00-00 00:00:00', '0000-00-00 00:00:00', '54480 ', '54'),
(603, 'MUZO ', 5, '0000-00-00 00:00:00', '0000-00-00 00:00:00', '15480 ', '15'),
(604, 'NARIŃO ', 1, '0000-00-00 00:00:00', '0000-00-00 00:00:00', '05483 ', '05'),
(605, 'NARIŃO ', 11, '0000-00-00 00:00:00', '0000-00-00 00:00:00', '25483 ', '25'),
(606, 'NARIŃO ', 17, '0000-00-00 00:00:00', '0000-00-00 00:00:00', '52480 ', '52'),
(607, 'NÁTAGA ', 13, '0000-00-00 00:00:00', '0000-00-00 00:00:00', '41483 ', '41'),
(608, 'NATAGAIMA ', 23, '0000-00-00 00:00:00', '0000-00-00 00:00:00', '73483 ', '73'),
(609, 'NECHÍ ', 1, '0000-00-00 00:00:00', '0000-00-00 00:00:00', '05495 ', '05'),
(610, 'NECOCLÍ ', 1, '0000-00-00 00:00:00', '0000-00-00 00:00:00', '05490 ', '05'),
(611, 'NEIRA ', 6, '0000-00-00 00:00:00', '0000-00-00 00:00:00', '17486 ', '17'),
(612, 'NEIVA ', 13, '0000-00-00 00:00:00', '0000-00-00 00:00:00', '41001 ', '41'),
(613, 'NEMOCÓN ', 11, '0000-00-00 00:00:00', '0000-00-00 00:00:00', '25486 ', '25'),
(614, 'NILO ', 11, '0000-00-00 00:00:00', '0000-00-00 00:00:00', '25488 ', '25'),
(615, 'NIMAIMA ', 11, '0000-00-00 00:00:00', '0000-00-00 00:00:00', '25489 ', '25'),
(616, 'NOBSA ', 5, '0000-00-00 00:00:00', '0000-00-00 00:00:00', '15491 ', '15'),
(617, 'NOCAIMA ', 11, '0000-00-00 00:00:00', '0000-00-00 00:00:00', '25491 ', '25'),
(618, 'NORCASIA ', 6, '0000-00-00 00:00:00', '0000-00-00 00:00:00', '17495 ', '17'),
(619, 'NÓVITA ', 12, '0000-00-00 00:00:00', '0000-00-00 00:00:00', '27491 ', '27'),
(620, 'NUEVA GRANADA ', 15, '0000-00-00 00:00:00', '0000-00-00 00:00:00', '47460 ', '47'),
(621, 'NUEVO COLÓN ', 5, '0000-00-00 00:00:00', '0000-00-00 00:00:00', '15494 ', '15'),
(622, 'NUNCHÍA ', 26, '0000-00-00 00:00:00', '0000-00-00 00:00:00', '85225 ', '85'),
(623, 'NUQUÍ ', 12, '0000-00-00 00:00:00', '0000-00-00 00:00:00', '27495 ', '27'),
(624, 'OBANDO ', 24, '0000-00-00 00:00:00', '0000-00-00 00:00:00', '76497 ', '76'),
(625, 'OCAMONTE ', 21, '0000-00-00 00:00:00', '0000-00-00 00:00:00', '68498 ', '68'),
(626, 'OCAŃA ', 18, '0000-00-00 00:00:00', '0000-00-00 00:00:00', '54498 ', '54'),
(627, 'OIBA ', 21, '0000-00-00 00:00:00', '0000-00-00 00:00:00', '68500 ', '68'),
(628, 'OICATÁ ', 5, '0000-00-00 00:00:00', '0000-00-00 00:00:00', '15500 ', '15'),
(629, 'OLAYA ', 1, '0000-00-00 00:00:00', '0000-00-00 00:00:00', '05501 ', '05'),
(630, 'OLAYA HERRERA ', 17, '0000-00-00 00:00:00', '0000-00-00 00:00:00', '52490 ', '52'),
(631, 'ONZAGA ', 21, '0000-00-00 00:00:00', '0000-00-00 00:00:00', '68502 ', '68'),
(632, 'OPORAPA ', 13, '0000-00-00 00:00:00', '0000-00-00 00:00:00', '41503 ', '41'),
(633, 'ORITO ', 27, '0000-00-00 00:00:00', '0000-00-00 00:00:00', '86320 ', '86'),
(634, 'OROCUÉ ', 26, '0000-00-00 00:00:00', '0000-00-00 00:00:00', '85230 ', '85'),
(635, 'ORTEGA ', 23, '0000-00-00 00:00:00', '0000-00-00 00:00:00', '73504 ', '73'),
(636, 'OSPINA ', 17, '0000-00-00 00:00:00', '0000-00-00 00:00:00', '52506 ', '52'),
(637, 'OTANCHE ', 5, '0000-00-00 00:00:00', '0000-00-00 00:00:00', '15507 ', '15'),
(638, 'OVEJAS ', 22, '0000-00-00 00:00:00', '0000-00-00 00:00:00', '70508 ', '70'),
(639, 'PACHAVITA ', 5, '0000-00-00 00:00:00', '0000-00-00 00:00:00', '15511 ', '15'),
(640, 'PACHO ', 11, '0000-00-00 00:00:00', '0000-00-00 00:00:00', '25513 ', '25'),
(641, 'PACOA ', 32, '0000-00-00 00:00:00', '0000-00-00 00:00:00', '97511 ', '97'),
(642, 'PÁCORA ', 6, '0000-00-00 00:00:00', '0000-00-00 00:00:00', '17513 ', '17'),
(643, 'PADILLA ', 8, '0000-00-00 00:00:00', '0000-00-00 00:00:00', '19513 ', '19'),
(644, 'PAEZ ', 8, '0000-00-00 00:00:00', '0000-00-00 00:00:00', '19517 ', '19'),
(645, 'PÁEZ ', 5, '0000-00-00 00:00:00', '0000-00-00 00:00:00', '15514 ', '15'),
(646, 'PAICOL ', 13, '0000-00-00 00:00:00', '0000-00-00 00:00:00', '41518 ', '41'),
(647, 'PAILITAS ', 9, '0000-00-00 00:00:00', '0000-00-00 00:00:00', '20517 ', '20'),
(648, 'PAIME ', 11, '0000-00-00 00:00:00', '0000-00-00 00:00:00', '25518 ', '25'),
(649, 'PAIPA ', 5, '0000-00-00 00:00:00', '0000-00-00 00:00:00', '15516 ', '15'),
(650, 'PAJARITO ', 5, '0000-00-00 00:00:00', '0000-00-00 00:00:00', '15518 ', '15'),
(651, 'PALERMO ', 13, '0000-00-00 00:00:00', '0000-00-00 00:00:00', '41524 ', '41'),
(652, 'PALESTINA ', 6, '0000-00-00 00:00:00', '0000-00-00 00:00:00', '17524 ', '17'),
(653, 'PALESTINA ', 13, '0000-00-00 00:00:00', '0000-00-00 00:00:00', '41530 ', '41'),
(654, 'PALMAR ', 21, '0000-00-00 00:00:00', '0000-00-00 00:00:00', '68522 ', '68'),
(655, 'PALMAR DE VARELA ', 2, '0000-00-00 00:00:00', '0000-00-00 00:00:00', '08520 ', '08'),
(656, 'PALMAS DEL SOCORRO ', 21, '0000-00-00 00:00:00', '0000-00-00 00:00:00', '68524 ', '68'),
(657, 'PALMIRA ', 24, '0000-00-00 00:00:00', '0000-00-00 00:00:00', '76520 ', '76'),
(658, 'PALMITO ', 22, '0000-00-00 00:00:00', '0000-00-00 00:00:00', '70523 ', '70'),
(659, 'PALOCABILDO ', 23, '0000-00-00 00:00:00', '0000-00-00 00:00:00', '73520 ', '73'),
(660, 'PAMPLONA ', 18, '0000-00-00 00:00:00', '0000-00-00 00:00:00', '54518 ', '54'),
(661, 'PAMPLONITA ', 18, '0000-00-00 00:00:00', '0000-00-00 00:00:00', '54520 ', '54'),
(662, 'PANA PANA ', 30, '0000-00-00 00:00:00', '0000-00-00 00:00:00', '94887 ', '94'),
(663, 'PANDI ', 11, '0000-00-00 00:00:00', '0000-00-00 00:00:00', '25524 ', '25'),
(664, 'PANQUEBA ', 5, '0000-00-00 00:00:00', '0000-00-00 00:00:00', '15522 ', '15'),
(665, 'PAPUNAUA ', 32, '0000-00-00 00:00:00', '0000-00-00 00:00:00', '97777 ', '97'),
(666, 'PÁRAMO ', 21, '0000-00-00 00:00:00', '0000-00-00 00:00:00', '68533 ', '68'),
(667, 'PARATEBUENO ', 11, '0000-00-00 00:00:00', '0000-00-00 00:00:00', '25530 ', '25'),
(668, 'PASCA ', 11, '0000-00-00 00:00:00', '0000-00-00 00:00:00', '25535 ', '25'),
(669, 'PASTO ', 17, '0000-00-00 00:00:00', '0000-00-00 00:00:00', '52001 ', '52'),
(670, 'PATÍA ', 8, '0000-00-00 00:00:00', '0000-00-00 00:00:00', '19532 ', '19'),
(671, 'PAUNA ', 5, '0000-00-00 00:00:00', '0000-00-00 00:00:00', '15531 ', '15'),
(672, 'PAYA ', 5, '0000-00-00 00:00:00', '0000-00-00 00:00:00', '15533 ', '15'),
(673, 'PAZ DE ARIPORO ', 26, '0000-00-00 00:00:00', '0000-00-00 00:00:00', '85250 ', '85'),
(674, 'PAZ DE RÍO ', 5, '0000-00-00 00:00:00', '0000-00-00 00:00:00', '15537 ', '15'),
(675, 'PEDRAZA ', 15, '0000-00-00 00:00:00', '0000-00-00 00:00:00', '47541 ', '47'),
(676, 'PELAYA ', 9, '0000-00-00 00:00:00', '0000-00-00 00:00:00', '20550 ', '20'),
(677, 'PENSILVANIA ', 6, '0000-00-00 00:00:00', '0000-00-00 00:00:00', '17541 ', '17'),
(678, 'PEŃOL ', 1, '0000-00-00 00:00:00', '0000-00-00 00:00:00', '05541 ', '05'),
(679, 'PEQUE ', 1, '0000-00-00 00:00:00', '0000-00-00 00:00:00', '05543 ', '05'),
(680, 'PEREIRA ', 20, '0000-00-00 00:00:00', '0000-00-00 00:00:00', '66001 ', '66'),
(681, 'PESCA ', 5, '0000-00-00 00:00:00', '0000-00-00 00:00:00', '15542 ', '15'),
(682, 'PIAMONTE ', 8, '0000-00-00 00:00:00', '0000-00-00 00:00:00', '19533 ', '19'),
(683, 'PIEDECUESTA ', 21, '0000-00-00 00:00:00', '0000-00-00 00:00:00', '68547 ', '68'),
(684, 'PIEDRAS ', 23, '0000-00-00 00:00:00', '0000-00-00 00:00:00', '73547 ', '73'),
(685, 'PIENDAMÓ ', 8, '0000-00-00 00:00:00', '0000-00-00 00:00:00', '19548 ', '19'),
(686, 'PIJAO ', 19, '0000-00-00 00:00:00', '0000-00-00 00:00:00', '63548 ', '63'),
(687, 'PIJIŃO DEL CARMEN ', 15, '0000-00-00 00:00:00', '0000-00-00 00:00:00', '47545 ', '47'),
(688, 'PINCHOTE ', 21, '0000-00-00 00:00:00', '0000-00-00 00:00:00', '68549 ', '68'),
(689, 'PINILLOS ', 4, '0000-00-00 00:00:00', '0000-00-00 00:00:00', '13549 ', '13'),
(690, 'PIOJÓ ', 2, '0000-00-00 00:00:00', '0000-00-00 00:00:00', '08549 ', '08'),
(691, 'PISBA ', 5, '0000-00-00 00:00:00', '0000-00-00 00:00:00', '15550 ', '15'),
(692, 'PITAL ', 13, '0000-00-00 00:00:00', '0000-00-00 00:00:00', '41548 ', '41'),
(693, 'PITALITO ', 13, '0000-00-00 00:00:00', '0000-00-00 00:00:00', '41551 ', '41'),
(694, 'PIVIJAY ', 15, '0000-00-00 00:00:00', '0000-00-00 00:00:00', '47551 ', '47'),
(695, 'PLANADAS ', 23, '0000-00-00 00:00:00', '0000-00-00 00:00:00', '73555 ', '73'),
(696, 'PLANETA RICA ', 10, '0000-00-00 00:00:00', '0000-00-00 00:00:00', '23555 ', '23'),
(697, 'PLATO ', 15, '0000-00-00 00:00:00', '0000-00-00 00:00:00', '47555 ', '47'),
(698, 'POLICARPA ', 17, '0000-00-00 00:00:00', '0000-00-00 00:00:00', '52540 ', '52'),
(699, 'POLONUEVO ', 2, '0000-00-00 00:00:00', '0000-00-00 00:00:00', '08558 ', '08'),
(700, 'PONEDERA ', 2, '0000-00-00 00:00:00', '0000-00-00 00:00:00', '08560 ', '08'),
(701, 'POPAYÁN ', 8, '0000-00-00 00:00:00', '0000-00-00 00:00:00', '19001 ', '19'),
(702, 'PORE ', 26, '0000-00-00 00:00:00', '0000-00-00 00:00:00', '85263 ', '85'),
(703, 'POTOSÍ ', 17, '0000-00-00 00:00:00', '0000-00-00 00:00:00', '52560 ', '52'),
(704, 'PRADERA ', 24, '0000-00-00 00:00:00', '0000-00-00 00:00:00', '76563 ', '76'),
(705, 'PRADO ', 23, '0000-00-00 00:00:00', '0000-00-00 00:00:00', '73563 ', '73'),
(706, 'PROVIDENCIA ', 17, '0000-00-00 00:00:00', '0000-00-00 00:00:00', '52565 ', '52'),
(707, 'PROVIDENCIA ', 28, '0000-00-00 00:00:00', '0000-00-00 00:00:00', '88564 ', '88'),
(708, 'PUEBLO BELLO ', 9, '0000-00-00 00:00:00', '0000-00-00 00:00:00', '20570 ', '20'),
(709, 'PUEBLO NUEVO ', 10, '0000-00-00 00:00:00', '0000-00-00 00:00:00', '23570 ', '23'),
(710, 'PUEBLO RICO ', 20, '0000-00-00 00:00:00', '0000-00-00 00:00:00', '66572 ', '66'),
(711, 'PUEBLORRICO ', 1, '0000-00-00 00:00:00', '0000-00-00 00:00:00', '05576 ', '05'),
(712, 'PUEBLOVIEJO ', 15, '0000-00-00 00:00:00', '0000-00-00 00:00:00', '47570 ', '47'),
(713, 'PUENTE NACIONAL ', 21, '0000-00-00 00:00:00', '0000-00-00 00:00:00', '68572 ', '68'),
(714, 'PUERRES ', 17, '0000-00-00 00:00:00', '0000-00-00 00:00:00', '52573 ', '52'),
(715, 'PUERTO ALEGRÍA ', 29, '0000-00-00 00:00:00', '0000-00-00 00:00:00', '91530 ', '91'),
(716, 'PUERTO ARICA ', 29, '0000-00-00 00:00:00', '0000-00-00 00:00:00', '91536 ', '91'),
(717, 'PUERTO ASÍS ', 27, '0000-00-00 00:00:00', '0000-00-00 00:00:00', '86568 ', '86'),
(718, 'PUERTO BERRÍO ', 1, '0000-00-00 00:00:00', '0000-00-00 00:00:00', '05579 ', '05'),
(719, 'PUERTO BOYACÁ ', 5, '0000-00-00 00:00:00', '0000-00-00 00:00:00', '15572 ', '15'),
(720, 'PUERTO CAICEDO ', 27, '0000-00-00 00:00:00', '0000-00-00 00:00:00', '86569 ', '86'),
(721, 'PUERTO CARREŃO ', 33, '0000-00-00 00:00:00', '0000-00-00 00:00:00', '99001 ', '99'),
(722, 'PUERTO COLOMBIA ', 2, '0000-00-00 00:00:00', '0000-00-00 00:00:00', '08573 ', '08'),
(723, 'PUERTO COLOMBIA ', 30, '0000-00-00 00:00:00', '0000-00-00 00:00:00', '94884 ', '94'),
(724, 'PUERTO CONCORDIA ', 16, '0000-00-00 00:00:00', '0000-00-00 00:00:00', '50450 ', '50'),
(725, 'PUERTO ESCONDIDO ', 10, '0000-00-00 00:00:00', '0000-00-00 00:00:00', '23574 ', '23'),
(726, 'PUERTO GAITÁN ', 16, '0000-00-00 00:00:00', '0000-00-00 00:00:00', '50568 ', '50'),
(727, 'PUERTO GUZMÁN ', 27, '0000-00-00 00:00:00', '0000-00-00 00:00:00', '86571 ', '86'),
(728, 'PUERTO LIBERTADOR ', 10, '0000-00-00 00:00:00', '0000-00-00 00:00:00', '23580 ', '23'),
(729, 'PUERTO LLERAS ', 16, '0000-00-00 00:00:00', '0000-00-00 00:00:00', '50577 ', '50'),
(730, 'PUERTO LÓPEZ ', 16, '0000-00-00 00:00:00', '0000-00-00 00:00:00', '50573 ', '50'),
(731, 'PUERTO NARE ', 1, '0000-00-00 00:00:00', '0000-00-00 00:00:00', '05585 ', '05'),
(732, 'PUERTO NARIŃO ', 29, '0000-00-00 00:00:00', '0000-00-00 00:00:00', '91540 ', '91'),
(733, 'PUERTO PARRA ', 21, '0000-00-00 00:00:00', '0000-00-00 00:00:00', '68573 ', '68'),
(734, 'PUERTO RICO ', 7, '0000-00-00 00:00:00', '0000-00-00 00:00:00', '18592 ', '18'),
(735, 'PUERTO RICO ', 16, '0000-00-00 00:00:00', '0000-00-00 00:00:00', '50590 ', '50'),
(736, 'PUERTO RONDÓN ', 25, '0000-00-00 00:00:00', '0000-00-00 00:00:00', '81591 ', '81'),
(737, 'PUERTO SALGAR ', 11, '0000-00-00 00:00:00', '0000-00-00 00:00:00', '25572 ', '25'),
(738, 'PUERTO SANTANDER ', 18, '0000-00-00 00:00:00', '0000-00-00 00:00:00', '54553 ', '54'),
(739, 'PUERTO SANTANDER ', 29, '0000-00-00 00:00:00', '0000-00-00 00:00:00', '91669 ', '91'),
(740, 'PUERTO TEJADA ', 8, '0000-00-00 00:00:00', '0000-00-00 00:00:00', '19573 ', '19'),
(741, 'PUERTO TRIUNFO ', 1, '0000-00-00 00:00:00', '0000-00-00 00:00:00', '05591 ', '05'),
(742, 'PUERTO WILCHES ', 21, '0000-00-00 00:00:00', '0000-00-00 00:00:00', '68575 ', '68'),
(743, 'PULÍ ', 11, '0000-00-00 00:00:00', '0000-00-00 00:00:00', '25580 ', '25'),
(744, 'PUPIALES ', 17, '0000-00-00 00:00:00', '0000-00-00 00:00:00', '52585 ', '52'),
(745, 'PURACÉ ', 8, '0000-00-00 00:00:00', '0000-00-00 00:00:00', '19585 ', '19'),
(746, 'PURIFICACIÓN ', 23, '0000-00-00 00:00:00', '0000-00-00 00:00:00', '73585 ', '73'),
(747, 'PURÍSIMA ', 10, '0000-00-00 00:00:00', '0000-00-00 00:00:00', '23586 ', '23'),
(748, 'QUEBRADANEGRA ', 11, '0000-00-00 00:00:00', '0000-00-00 00:00:00', '25592 ', '25'),
(749, 'QUETAME ', 11, '0000-00-00 00:00:00', '0000-00-00 00:00:00', '25594 ', '25'),
(750, 'QUIBDÓ ', 12, '0000-00-00 00:00:00', '0000-00-00 00:00:00', '27001 ', '27'),
(751, 'QUIMBAYA ', 19, '0000-00-00 00:00:00', '0000-00-00 00:00:00', '63594 ', '63'),
(752, 'QUINCHÍA ', 20, '0000-00-00 00:00:00', '0000-00-00 00:00:00', '66594 ', '66'),
(753, 'QUÍPAMA ', 5, '0000-00-00 00:00:00', '0000-00-00 00:00:00', '15580 ', '15'),
(754, 'QUIPILE ', 11, '0000-00-00 00:00:00', '0000-00-00 00:00:00', '25596 ', '25'),
(755, 'RAGONVALIA ', 18, '0000-00-00 00:00:00', '0000-00-00 00:00:00', '54599 ', '54'),
(756, 'RAMIRIQUÍ ', 5, '0000-00-00 00:00:00', '0000-00-00 00:00:00', '15599 ', '15'),
(757, 'RÁQUIRA ', 5, '0000-00-00 00:00:00', '0000-00-00 00:00:00', '15600 ', '15'),
(758, 'RECETOR ', 26, '0000-00-00 00:00:00', '0000-00-00 00:00:00', '85279 ', '85'),
(759, 'REGIDOR ', 4, '0000-00-00 00:00:00', '0000-00-00 00:00:00', '13580 ', '13'),
(760, 'REMEDIOS ', 1, '0000-00-00 00:00:00', '0000-00-00 00:00:00', '05604 ', '05'),
(761, 'REMOLINO ', 15, '0000-00-00 00:00:00', '0000-00-00 00:00:00', '47605 ', '47'),
(762, 'REPELÓN ', 2, '0000-00-00 00:00:00', '0000-00-00 00:00:00', '08606 ', '08'),
(763, 'RESTREPO ', 16, '0000-00-00 00:00:00', '0000-00-00 00:00:00', '50606 ', '50'),
(764, 'RESTREPO ', 24, '0000-00-00 00:00:00', '0000-00-00 00:00:00', '76606 ', '76'),
(765, 'RETIRO ', 1, '0000-00-00 00:00:00', '0000-00-00 00:00:00', '05607 ', '05'),
(766, 'RICAURTE ', 11, '0000-00-00 00:00:00', '0000-00-00 00:00:00', '25612 ', '25'),
(767, 'RICAURTE ', 17, '0000-00-00 00:00:00', '0000-00-00 00:00:00', '52612 ', '52'),
(768, 'RÍO DE ORO ', 9, '0000-00-00 00:00:00', '0000-00-00 00:00:00', '20614 ', '20'),
(769, 'RÍO IRO ', 12, '0000-00-00 00:00:00', '0000-00-00 00:00:00', '27580 ', '27'),
(770, 'RÍO QUITO ', 12, '0000-00-00 00:00:00', '0000-00-00 00:00:00', '27600 ', '27'),
(771, 'RÍO VIEJO ', 4, '0000-00-00 00:00:00', '0000-00-00 00:00:00', '13600 ', '13'),
(772, 'RIOBLANCO ', 23, '0000-00-00 00:00:00', '0000-00-00 00:00:00', '73616 ', '73'),
(773, 'RIOFRÍO ', 24, '0000-00-00 00:00:00', '0000-00-00 00:00:00', '76616 ', '76'),
(774, 'RIOHACHA ', 14, '0000-00-00 00:00:00', '0000-00-00 00:00:00', '44001 ', '44'),
(775, 'RIONEGRO ', 1, '0000-00-00 00:00:00', '0000-00-00 00:00:00', '05615 ', '05'),
(776, 'RIONEGRO ', 21, '0000-00-00 00:00:00', '0000-00-00 00:00:00', '68615 ', '68'),
(777, 'RIOSUCIO ', 6, '0000-00-00 00:00:00', '0000-00-00 00:00:00', '17614 ', '17'),
(778, 'RIOSUCIO ', 12, '0000-00-00 00:00:00', '0000-00-00 00:00:00', '27615 ', '27'),
(779, 'RISARALDA ', 6, '0000-00-00 00:00:00', '0000-00-00 00:00:00', '17616 ', '17'),
(780, 'RIVERA ', 13, '0000-00-00 00:00:00', '0000-00-00 00:00:00', '41615 ', '41'),
(781, 'ROBERTO PAYÁN ', 17, '0000-00-00 00:00:00', '0000-00-00 00:00:00', '52621 ', '52'),
(782, 'ROLDANILLO ', 24, '0000-00-00 00:00:00', '0000-00-00 00:00:00', '76622 ', '76'),
(783, 'RONCESVALLES ', 23, '0000-00-00 00:00:00', '0000-00-00 00:00:00', '73622 ', '73'),
(784, 'RONDÓN ', 5, '0000-00-00 00:00:00', '0000-00-00 00:00:00', '15621 ', '15'),
(785, 'ROSAS ', 8, '0000-00-00 00:00:00', '0000-00-00 00:00:00', '19622 ', '19'),
(786, 'ROVIRA ', 23, '0000-00-00 00:00:00', '0000-00-00 00:00:00', '73624 ', '73'),
(787, 'SABANA DE TORRES ', 21, '0000-00-00 00:00:00', '0000-00-00 00:00:00', '68655 ', '68'),
(788, 'SABANAGRANDE ', 2, '0000-00-00 00:00:00', '0000-00-00 00:00:00', '08634 ', '08'),
(789, 'SABANALARGA ', 1, '0000-00-00 00:00:00', '0000-00-00 00:00:00', '05628 ', '05'),
(790, 'SABANALARGA ', 2, '0000-00-00 00:00:00', '0000-00-00 00:00:00', '08638 ', '08'),
(791, 'SABANALARGA ', 26, '0000-00-00 00:00:00', '0000-00-00 00:00:00', '85300 ', '85'),
(792, 'SABANAS DE SAN ANGEL ', 15, '0000-00-00 00:00:00', '0000-00-00 00:00:00', '47660 ', '47'),
(793, 'SABANETA ', 1, '0000-00-00 00:00:00', '0000-00-00 00:00:00', '05631 ', '05'),
(794, 'SABOYÁ ', 5, '0000-00-00 00:00:00', '0000-00-00 00:00:00', '15632 ', '15'),
(795, 'SÁCAMA ', 26, '0000-00-00 00:00:00', '0000-00-00 00:00:00', '85315 ', '85'),
(796, 'SÁCHICA ', 5, '0000-00-00 00:00:00', '0000-00-00 00:00:00', '15638 ', '15'),
(797, 'SAHAGÚN ', 10, '0000-00-00 00:00:00', '0000-00-00 00:00:00', '23660 ', '23'),
(798, 'SALADOBLANCO ', 13, '0000-00-00 00:00:00', '0000-00-00 00:00:00', '41660 ', '41'),
(799, 'SALAMINA ', 6, '0000-00-00 00:00:00', '0000-00-00 00:00:00', '17653 ', '17'),
(800, 'SALAMINA ', 15, '0000-00-00 00:00:00', '0000-00-00 00:00:00', '47675 ', '47'),
(801, 'SALAZAR ', 18, '0000-00-00 00:00:00', '0000-00-00 00:00:00', '54660 ', '54'),
(802, 'SALDAŃA ', 23, '0000-00-00 00:00:00', '0000-00-00 00:00:00', '73671 ', '73'),
(803, 'SALENTO ', 19, '0000-00-00 00:00:00', '0000-00-00 00:00:00', '63690 ', '63'),
(804, 'SALGAR ', 1, '0000-00-00 00:00:00', '0000-00-00 00:00:00', '05642 ', '05'),
(805, 'SAMACÁ ', 5, '0000-00-00 00:00:00', '0000-00-00 00:00:00', '15646 ', '15'),
(806, 'SAMANÁ ', 6, '0000-00-00 00:00:00', '0000-00-00 00:00:00', '17662 ', '17'),
(807, 'SAMANIEGO ', 17, '0000-00-00 00:00:00', '0000-00-00 00:00:00', '52678 ', '52'),
(808, 'SAMPUÉS ', 22, '0000-00-00 00:00:00', '0000-00-00 00:00:00', '70670 ', '70'),
(809, 'SAN AGUSTÍN ', 13, '0000-00-00 00:00:00', '0000-00-00 00:00:00', '41668 ', '41'),
(810, 'SAN ALBERTO ', 9, '0000-00-00 00:00:00', '0000-00-00 00:00:00', '20710 ', '20'),
(811, 'SAN ANDRÉS ', 1, '0000-00-00 00:00:00', '0000-00-00 00:00:00', '05647 ', '05'),
(812, 'SAN ANDRÉS ', 21, '0000-00-00 00:00:00', '0000-00-00 00:00:00', '68669 ', '68'),
(813, 'SAN ANDRÉS ', 28, '0000-00-00 00:00:00', '0000-00-00 00:00:00', '88001 ', '88'),
(814, 'SAN ANDRÉS SOTAVENTO ', 10, '0000-00-00 00:00:00', '0000-00-00 00:00:00', '23670 ', '23'),
(815, 'SAN ANTERO ', 10, '0000-00-00 00:00:00', '0000-00-00 00:00:00', '23672 ', '23'),
(816, 'SAN ANTONIO ', 23, '0000-00-00 00:00:00', '0000-00-00 00:00:00', '73675 ', '73'),
(817, 'SAN ANTONIO DEL TEQUENDAMA ', 11, '0000-00-00 00:00:00', '0000-00-00 00:00:00', '25645 ', '25'),
(818, 'SAN BENITO ', 21, '0000-00-00 00:00:00', '0000-00-00 00:00:00', '68673 ', '68'),
(819, 'SAN BENITO ABAD ', 22, '0000-00-00 00:00:00', '0000-00-00 00:00:00', '70678 ', '70'),
(820, 'SAN BERNARDO ', 11, '0000-00-00 00:00:00', '0000-00-00 00:00:00', '25649 ', '25'),
(821, 'SAN BERNARDO ', 17, '0000-00-00 00:00:00', '0000-00-00 00:00:00', '52685 ', '52'),
(822, 'SAN BERNARDO DEL VIENTO ', 10, '0000-00-00 00:00:00', '0000-00-00 00:00:00', '23675 ', '23'),
(823, 'SAN CALIXTO ', 18, '0000-00-00 00:00:00', '0000-00-00 00:00:00', '54670 ', '54'),
(824, 'SAN CARLOS ', 1, '0000-00-00 00:00:00', '0000-00-00 00:00:00', '05649 ', '05'),
(825, 'SAN CARLOS ', 10, '0000-00-00 00:00:00', '0000-00-00 00:00:00', '23678 ', '23'),
(826, 'SAN CARLOS DE GUAROA ', 16, '0000-00-00 00:00:00', '0000-00-00 00:00:00', '50680 ', '50'),
(827, 'SAN CAYETANO ', 11, '0000-00-00 00:00:00', '0000-00-00 00:00:00', '25653 ', '25'),
(828, 'SAN CAYETANO ', 18, '0000-00-00 00:00:00', '0000-00-00 00:00:00', '54673 ', '54'),
(829, 'SAN CRISTÓBAL ', 4, '0000-00-00 00:00:00', '0000-00-00 00:00:00', '13620 ', '13'),
(830, 'SAN DIEGO ', 9, '0000-00-00 00:00:00', '0000-00-00 00:00:00', '20750 ', '20'),
(831, 'SAN EDUARDO ', 5, '0000-00-00 00:00:00', '0000-00-00 00:00:00', '15660 ', '15'),
(832, 'SAN ESTANISLAO ', 4, '0000-00-00 00:00:00', '0000-00-00 00:00:00', '13647 ', '13'),
(833, 'SAN FELIPE ', 30, '0000-00-00 00:00:00', '0000-00-00 00:00:00', '94883 ', '94'),
(834, 'SAN FERNANDO ', 4, '0000-00-00 00:00:00', '0000-00-00 00:00:00', '13650 ', '13'),
(835, 'SAN FRANCISCO ', 1, '0000-00-00 00:00:00', '0000-00-00 00:00:00', '05652 ', '05'),
(836, 'SAN FRANCISCO ', 11, '0000-00-00 00:00:00', '0000-00-00 00:00:00', '25658 ', '25'),
(837, 'SAN FRANCISCO ', 27, '0000-00-00 00:00:00', '0000-00-00 00:00:00', '86755 ', '86'),
(838, 'SAN GIL ', 21, '0000-00-00 00:00:00', '0000-00-00 00:00:00', '68679 ', '68'),
(839, 'SAN JACINTO ', 4, '0000-00-00 00:00:00', '0000-00-00 00:00:00', '13654 ', '13'),
(840, 'SAN JACINTO DEL CAUCA ', 4, '0000-00-00 00:00:00', '0000-00-00 00:00:00', '13655 ', '13'),
(841, 'SAN JERÓNIMO ', 1, '0000-00-00 00:00:00', '0000-00-00 00:00:00', '05656 ', '05'),
(842, 'SAN JOAQUÍN ', 21, '0000-00-00 00:00:00', '0000-00-00 00:00:00', '68682 ', '68'),
(843, 'SAN JOSÉ ', 6, '0000-00-00 00:00:00', '0000-00-00 00:00:00', '17665 ', '17'),
(844, 'SAN JOSÉ DE LA MONTAŃA ', 1, '0000-00-00 00:00:00', '0000-00-00 00:00:00', '05658 ', '05'),
(845, 'SAN JOSÉ DE MIRANDA ', 21, '0000-00-00 00:00:00', '0000-00-00 00:00:00', '68684 ', '68'),
(846, 'SAN JOSÉ DE PARE ', 5, '0000-00-00 00:00:00', '0000-00-00 00:00:00', '15664 ', '15'),
(847, 'SAN JOSÉ DEL FRAGUA ', 7, '0000-00-00 00:00:00', '0000-00-00 00:00:00', '18610 ', '18'),
(848, 'SAN JOSÉ DEL GUAVIARE ', 31, '0000-00-00 00:00:00', '0000-00-00 00:00:00', '95001 ', '95'),
(849, 'SAN JOSÉ DEL PALMAR ', 12, '0000-00-00 00:00:00', '0000-00-00 00:00:00', '27660 ', '27'),
(850, 'SAN JUAN DE ARAMA ', 16, '0000-00-00 00:00:00', '0000-00-00 00:00:00', '50683 ', '50'),
(851, 'SAN JUAN DE BETULIA ', 22, '0000-00-00 00:00:00', '0000-00-00 00:00:00', '70702 ', '70'),
(852, 'SAN JUAN DE RÍO SECO ', 11, '0000-00-00 00:00:00', '0000-00-00 00:00:00', '25662 ', '25'),
(853, 'SAN JUAN DE URABÁ ', 1, '0000-00-00 00:00:00', '0000-00-00 00:00:00', '05659 ', '05'),
(854, 'SAN JUAN DEL CESAR ', 14, '0000-00-00 00:00:00', '0000-00-00 00:00:00', '44650 ', '44'),
(855, 'SAN JUAN NEPOMUCENO ', 4, '0000-00-00 00:00:00', '0000-00-00 00:00:00', '13657 ', '13'),
(856, 'SAN JUANITO ', 16, '0000-00-00 00:00:00', '0000-00-00 00:00:00', '50686 ', '50'),
(857, 'SAN LORENZO ', 17, '0000-00-00 00:00:00', '0000-00-00 00:00:00', '52687 ', '52'),
(858, 'SAN LUIS ', 1, '0000-00-00 00:00:00', '0000-00-00 00:00:00', '05660 ', '05'),
(859, 'SAN LUIS ', 23, '0000-00-00 00:00:00', '0000-00-00 00:00:00', '73678 ', '73'),
(860, 'SAN LUIS DE GACENO ', 5, '0000-00-00 00:00:00', '0000-00-00 00:00:00', '15667 ', '15'),
(861, 'SAN LUIS DE PALENQUE ', 26, '0000-00-00 00:00:00', '0000-00-00 00:00:00', '85325 ', '85'),
(862, 'SAN MARCOS ', 22, '0000-00-00 00:00:00', '0000-00-00 00:00:00', '70708 ', '70'),
(863, 'SAN MARTÍN ', 9, '0000-00-00 00:00:00', '0000-00-00 00:00:00', '20770 ', '20'),
(864, 'SAN MARTÍN ', 16, '0000-00-00 00:00:00', '0000-00-00 00:00:00', '50689 ', '50'),
(865, 'SAN MARTÍN DE LOBA ', 4, '0000-00-00 00:00:00', '0000-00-00 00:00:00', '13667 ', '13'),
(866, 'SAN MATEO ', 5, '0000-00-00 00:00:00', '0000-00-00 00:00:00', '15673 ', '15'),
(867, 'SAN MIGUEL ', 21, '0000-00-00 00:00:00', '0000-00-00 00:00:00', '68686 ', '68'),
(868, 'SAN MIGUEL ', 27, '0000-00-00 00:00:00', '0000-00-00 00:00:00', '86757 ', '86'),
(869, 'SAN MIGUEL DE SEMA ', 5, '0000-00-00 00:00:00', '0000-00-00 00:00:00', '15676 ', '15'),
(870, 'SAN ONOFRE ', 22, '0000-00-00 00:00:00', '0000-00-00 00:00:00', '70713 ', '70'),
(871, 'SAN PABLO ', 4, '0000-00-00 00:00:00', '0000-00-00 00:00:00', '13670 ', '13'),
(872, 'SAN PABLO ', 17, '0000-00-00 00:00:00', '0000-00-00 00:00:00', '52693 ', '52'),
(873, 'SAN PABLO DE BORBUR ', 5, '0000-00-00 00:00:00', '0000-00-00 00:00:00', '15681 ', '15'),
(874, 'SAN PEDRO ', 1, '0000-00-00 00:00:00', '0000-00-00 00:00:00', '05664 ', '05'),
(875, 'SAN PEDRO ', 22, '0000-00-00 00:00:00', '0000-00-00 00:00:00', '70717 ', '70'),
(876, 'SAN PEDRO ', 24, '0000-00-00 00:00:00', '0000-00-00 00:00:00', '76670 ', '76'),
(877, 'SAN PEDRO DE CARTAGO ', 17, '0000-00-00 00:00:00', '0000-00-00 00:00:00', '52694 ', '52'),
(878, 'SAN PEDRO DE URABA ', 1, '0000-00-00 00:00:00', '0000-00-00 00:00:00', '05665 ', '05'),
(879, 'SAN PELAYO ', 10, '0000-00-00 00:00:00', '0000-00-00 00:00:00', '23686 ', '23'),
(880, 'SAN RAFAEL ', 1, '0000-00-00 00:00:00', '0000-00-00 00:00:00', '05667 ', '05'),
(881, 'SAN ROQUE ', 1, '0000-00-00 00:00:00', '0000-00-00 00:00:00', '05670 ', '05'),
(882, 'SAN SEBASTIÁN ', 8, '0000-00-00 00:00:00', '0000-00-00 00:00:00', '19693 ', '19'),
(883, 'SAN SEBASTIÁN DE BUENAVISTA ', 15, '0000-00-00 00:00:00', '0000-00-00 00:00:00', '47692 ', '47'),
(884, 'SAN VICENTE ', 1, '0000-00-00 00:00:00', '0000-00-00 00:00:00', '05674 ', '05'),
(885, 'SAN VICENTE DE CHUCURÍ ', 21, '0000-00-00 00:00:00', '0000-00-00 00:00:00', '68689 ', '68'),
(886, 'SAN VICENTE DEL CAGUÁN ', 7, '0000-00-00 00:00:00', '0000-00-00 00:00:00', '18753 ', '18'),
(887, 'SAN ZENÓN ', 15, '0000-00-00 00:00:00', '0000-00-00 00:00:00', '47703 ', '47'),
(888, 'SANDONÁ ', 17, '0000-00-00 00:00:00', '0000-00-00 00:00:00', '52683 ', '52'),
(889, 'SANTA ANA ', 15, '0000-00-00 00:00:00', '0000-00-00 00:00:00', '47707 ', '47'),
(890, 'SANTA BÁRBARA ', 1, '0000-00-00 00:00:00', '0000-00-00 00:00:00', '05679 ', '05'),
(891, 'SANTA BÁRBARA ', 17, '0000-00-00 00:00:00', '0000-00-00 00:00:00', '52696 ', '52'),
(892, 'SANTA BÁRBARA ', 21, '0000-00-00 00:00:00', '0000-00-00 00:00:00', '68705 ', '68'),
(893, 'SANTA BÁRBARA DE PINTO ', 15, '0000-00-00 00:00:00', '0000-00-00 00:00:00', '47720 ', '47'),
(894, 'SANTA CATALINA ', 4, '0000-00-00 00:00:00', '0000-00-00 00:00:00', '13673 ', '13'),
(895, 'SANTA HELENA DEL OPÓN ', 21, '0000-00-00 00:00:00', '0000-00-00 00:00:00', '68720 ', '68'),
(896, 'SANTA ISABEL ', 23, '0000-00-00 00:00:00', '0000-00-00 00:00:00', '73686 ', '73'),
(897, 'SANTA LUCÍA ', 2, '0000-00-00 00:00:00', '0000-00-00 00:00:00', '08675 ', '08'),
(898, 'SANTA MARÍA ', 5, '0000-00-00 00:00:00', '0000-00-00 00:00:00', '15690 ', '15'),
(899, 'SANTA MARÍA ', 13, '0000-00-00 00:00:00', '0000-00-00 00:00:00', '41676 ', '41'),
(900, 'SANTA MARTA ', 15, '0000-00-00 00:00:00', '0000-00-00 00:00:00', '47001 ', '47'),
(901, 'SANTA ROSA ', 4, '0000-00-00 00:00:00', '0000-00-00 00:00:00', '13683 ', '13'),
(902, 'SANTA ROSA ', 8, '0000-00-00 00:00:00', '0000-00-00 00:00:00', '19701 ', '19'),
(903, 'SANTA ROSA DE CABAL ', 20, '0000-00-00 00:00:00', '0000-00-00 00:00:00', '66682 ', '66'),
(904, 'SANTA ROSA DE OSOS ', 1, '0000-00-00 00:00:00', '0000-00-00 00:00:00', '05686 ', '05'),
(905, 'SANTA ROSA DE VITERBO ', 5, '0000-00-00 00:00:00', '0000-00-00 00:00:00', '15693 ', '15'),
(906, 'SANTA ROSA DEL SUR ', 4, '0000-00-00 00:00:00', '0000-00-00 00:00:00', '13688 ', '13'),
(907, 'SANTA ROSALÍA ', 33, '0000-00-00 00:00:00', '0000-00-00 00:00:00', '99624 ', '99'),
(908, 'SANTA SOFÍA ', 5, '0000-00-00 00:00:00', '0000-00-00 00:00:00', '15696 ', '15'),
(909, 'SANTACRUZ ', 17, '0000-00-00 00:00:00', '0000-00-00 00:00:00', '52699 ', '52'),
(910, 'SANTAFÉ DE ANTIOQUIA ', 1, '0000-00-00 00:00:00', '0000-00-00 00:00:00', '05042 ', '05'),
(911, 'SANTANA ', 5, '0000-00-00 00:00:00', '0000-00-00 00:00:00', '15686 ', '15'),
(912, 'SANTANDER DE QUILICHAO ', 8, '0000-00-00 00:00:00', '0000-00-00 00:00:00', '19698 ', '19'),
(913, 'SANTIAGO ', 18, '0000-00-00 00:00:00', '0000-00-00 00:00:00', '54680 ', '54'),
(914, 'SANTIAGO ', 27, '0000-00-00 00:00:00', '0000-00-00 00:00:00', '86760 ', '86'),
(915, 'SANTIAGO DE TOLÚ ', 22, '0000-00-00 00:00:00', '0000-00-00 00:00:00', '70820 ', '70'),
(916, 'SANTO DOMINGO ', 1, '0000-00-00 00:00:00', '0000-00-00 00:00:00', '05690 ', '05'),
(917, 'SANTO TOMÁS ', 2, '0000-00-00 00:00:00', '0000-00-00 00:00:00', '08685 ', '08'),
(918, 'SANTUARIO ', 20, '0000-00-00 00:00:00', '0000-00-00 00:00:00', '66687 ', '66'),
(919, 'SAPUYES ', 17, '0000-00-00 00:00:00', '0000-00-00 00:00:00', '52720 ', '52'),
(920, 'SARAVENA ', 25, '0000-00-00 00:00:00', '0000-00-00 00:00:00', '81736 ', '81'),
(921, 'SARDINATA ', 18, '0000-00-00 00:00:00', '0000-00-00 00:00:00', '54720 ', '54'),
(922, 'SASAIMA ', 11, '0000-00-00 00:00:00', '0000-00-00 00:00:00', '25718 ', '25'),
(923, 'SATIVANORTE ', 5, '0000-00-00 00:00:00', '0000-00-00 00:00:00', '15720 ', '15'),
(924, 'SATIVASUR ', 5, '0000-00-00 00:00:00', '0000-00-00 00:00:00', '15723 ', '15'),
(925, 'SEGOVIA ', 1, '0000-00-00 00:00:00', '0000-00-00 00:00:00', '05736 ', '05'),
(926, 'SESQUILÉ ', 11, '0000-00-00 00:00:00', '0000-00-00 00:00:00', '25736 ', '25'),
(927, 'SEVILLA ', 24, '0000-00-00 00:00:00', '0000-00-00 00:00:00', '76736 ', '76'),
(928, 'SIACHOQUE ', 5, '0000-00-00 00:00:00', '0000-00-00 00:00:00', '15740 ', '15'),
(929, 'SIBATÉ ', 11, '0000-00-00 00:00:00', '0000-00-00 00:00:00', '25740 ', '25'),
(930, 'SIBUNDOY ', 27, '0000-00-00 00:00:00', '0000-00-00 00:00:00', '86749 ', '86'),
(931, 'SILOS ', 18, '0000-00-00 00:00:00', '0000-00-00 00:00:00', '54743 ', '54'),
(932, 'SILVANIA ', 11, '0000-00-00 00:00:00', '0000-00-00 00:00:00', '25743 ', '25'),
(933, 'SILVIA ', 8, '0000-00-00 00:00:00', '0000-00-00 00:00:00', '19743 ', '19'),
(934, 'SIMACOTA ', 21, '0000-00-00 00:00:00', '0000-00-00 00:00:00', '68745 ', '68'),
(935, 'SIMIJACA ', 11, '0000-00-00 00:00:00', '0000-00-00 00:00:00', '25745 ', '25'),
(936, 'SIMITÍ ', 4, '0000-00-00 00:00:00', '0000-00-00 00:00:00', '13744 ', '13'),
(937, 'SINCÉ ', 22, '0000-00-00 00:00:00', '0000-00-00 00:00:00', '70742 ', '70'),
(938, 'SINCELEJO ', 22, '0000-00-00 00:00:00', '0000-00-00 00:00:00', '70001 ', '70'),
(939, 'SIPÍ ', 12, '0000-00-00 00:00:00', '0000-00-00 00:00:00', '27745 ', '27'),
(940, 'SITIONUEVO ', 15, '0000-00-00 00:00:00', '0000-00-00 00:00:00', '47745 ', '47'),
(941, 'SOACHA ', 11, '0000-00-00 00:00:00', '0000-00-00 00:00:00', '25754 ', '25'),
(942, 'SOATÁ ', 5, '0000-00-00 00:00:00', '0000-00-00 00:00:00', '15753 ', '15'),
(943, 'SOCHA ', 5, '0000-00-00 00:00:00', '0000-00-00 00:00:00', '15757 ', '15'),
(944, 'SOCORRO ', 21, '0000-00-00 00:00:00', '0000-00-00 00:00:00', '68755 ', '68'),
(945, 'SOCOTÁ ', 5, '0000-00-00 00:00:00', '0000-00-00 00:00:00', '15755 ', '15'),
(946, 'SOGAMOSO ', 5, '0000-00-00 00:00:00', '0000-00-00 00:00:00', '15759 ', '15'),
(947, 'SOLANO ', 7, '0000-00-00 00:00:00', '0000-00-00 00:00:00', '18756 ', '18'),
(948, 'SOLEDAD ', 2, '0000-00-00 00:00:00', '0000-00-00 00:00:00', '08758 ', '08'),
(949, 'SOLITA ', 7, '0000-00-00 00:00:00', '0000-00-00 00:00:00', '18785 ', '18'),
(950, 'SOMONDOCO ', 5, '0000-00-00 00:00:00', '0000-00-00 00:00:00', '15761 ', '15'),
(951, 'SONSON ', 1, '0000-00-00 00:00:00', '0000-00-00 00:00:00', '05756 ', '05'),
(952, 'SOPETRÁN ', 1, '0000-00-00 00:00:00', '0000-00-00 00:00:00', '05761 ', '05'),
(953, 'SOPLAVIENTO ', 4, '0000-00-00 00:00:00', '0000-00-00 00:00:00', '13760 ', '13'),
(954, 'SOPÓ ', 11, '0000-00-00 00:00:00', '0000-00-00 00:00:00', '25758 ', '25'),
(955, 'SORA ', 5, '0000-00-00 00:00:00', '0000-00-00 00:00:00', '15762 ', '15'),
(956, 'SORACÁ ', 5, '0000-00-00 00:00:00', '0000-00-00 00:00:00', '15764 ', '15'),
(957, 'SOTAQUIRÁ ', 5, '0000-00-00 00:00:00', '0000-00-00 00:00:00', '15763 ', '15'),
(958, 'SOTARA ', 8, '0000-00-00 00:00:00', '0000-00-00 00:00:00', '19760 ', '19'),
(959, 'SUAITA ', 21, '0000-00-00 00:00:00', '0000-00-00 00:00:00', '68770 ', '68'),
(960, 'SUAN ', 2, '0000-00-00 00:00:00', '0000-00-00 00:00:00', '08770 ', '08'),
(961, 'SUÁREZ ', 8, '0000-00-00 00:00:00', '0000-00-00 00:00:00', '19780 ', '19'),
(962, 'SUÁREZ ', 23, '0000-00-00 00:00:00', '0000-00-00 00:00:00', '73770 ', '73'),
(963, 'SUAZA ', 13, '0000-00-00 00:00:00', '0000-00-00 00:00:00', '41770 ', '41'),
(964, 'SUBACHOQUE ', 11, '0000-00-00 00:00:00', '0000-00-00 00:00:00', '25769 ', '25'),
(965, 'SUCRE ', 8, '0000-00-00 00:00:00', '0000-00-00 00:00:00', '19785 ', '19'),
(966, 'SUCRE ', 21, '0000-00-00 00:00:00', '0000-00-00 00:00:00', '68773 ', '68'),
(967, 'SUCRE ', 22, '0000-00-00 00:00:00', '0000-00-00 00:00:00', '70771 ', '70'),
(968, 'SUESCA ', 11, '0000-00-00 00:00:00', '0000-00-00 00:00:00', '25772 ', '25'),
(969, 'SUPATÁ ', 11, '0000-00-00 00:00:00', '0000-00-00 00:00:00', '25777 ', '25'),
(970, 'SUPÍA ', 6, '0000-00-00 00:00:00', '0000-00-00 00:00:00', '17777 ', '17'),
(971, 'SURATÁ ', 21, '0000-00-00 00:00:00', '0000-00-00 00:00:00', '68780 ', '68'),
(972, 'SUSA ', 11, '0000-00-00 00:00:00', '0000-00-00 00:00:00', '25779 ', '25'),
(973, 'SUSACÓN ', 5, '0000-00-00 00:00:00', '0000-00-00 00:00:00', '15774 ', '15'),
(974, 'SUTAMARCHÁN ', 5, '0000-00-00 00:00:00', '0000-00-00 00:00:00', '15776 ', '15'),
(975, 'SUTATAUSA ', 11, '0000-00-00 00:00:00', '0000-00-00 00:00:00', '25781 ', '25'),
(976, 'SUTATENZA ', 5, '0000-00-00 00:00:00', '0000-00-00 00:00:00', '15778 ', '15'),
(977, 'TABIO ', 11, '0000-00-00 00:00:00', '0000-00-00 00:00:00', '25785 ', '25'),
(978, 'TADÓ ', 12, '0000-00-00 00:00:00', '0000-00-00 00:00:00', '27787 ', '27'),
(979, 'TALAIGUA NUEVO ', 4, '0000-00-00 00:00:00', '0000-00-00 00:00:00', '13780 ', '13'),
(980, 'TAMALAMEQUE ', 9, '0000-00-00 00:00:00', '0000-00-00 00:00:00', '20787 ', '20'),
(981, 'TÁMARA ', 26, '0000-00-00 00:00:00', '0000-00-00 00:00:00', '85400 ', '85'),
(982, 'TAME ', 25, '0000-00-00 00:00:00', '0000-00-00 00:00:00', '81794 ', '81'),
(983, 'TÁMESIS ', 1, '0000-00-00 00:00:00', '0000-00-00 00:00:00', '05789 ', '05'),
(984, 'TAMINANGO ', 17, '0000-00-00 00:00:00', '0000-00-00 00:00:00', '52786 ', '52'),
(985, 'TANGUA ', 17, '0000-00-00 00:00:00', '0000-00-00 00:00:00', '52788 ', '52'),
(986, 'TARAIRA ', 32, '0000-00-00 00:00:00', '0000-00-00 00:00:00', '97666 ', '97'),
(987, 'TARAPACÁ ', 29, '0000-00-00 00:00:00', '0000-00-00 00:00:00', '91798 ', '91'),
(988, 'TARAZÁ ', 1, '0000-00-00 00:00:00', '0000-00-00 00:00:00', '05790 ', '05'),
(989, 'TARQUI ', 13, '0000-00-00 00:00:00', '0000-00-00 00:00:00', '41791 ', '41'),
(990, 'TARSO ', 1, '0000-00-00 00:00:00', '0000-00-00 00:00:00', '05792 ', '05'),
(991, 'TASCO ', 5, '0000-00-00 00:00:00', '0000-00-00 00:00:00', '15790 ', '15'),
(992, 'TAURAMENA ', 26, '0000-00-00 00:00:00', '0000-00-00 00:00:00', '85410 ', '85'),
(993, 'TAUSA ', 11, '0000-00-00 00:00:00', '0000-00-00 00:00:00', '25793 ', '25'),
(994, 'TELLO ', 13, '0000-00-00 00:00:00', '0000-00-00 00:00:00', '41799 ', '41'),
(995, 'TENA ', 11, '0000-00-00 00:00:00', '0000-00-00 00:00:00', '25797 ', '25'),
(996, 'TENERIFE ', 15, '0000-00-00 00:00:00', '0000-00-00 00:00:00', '47798 ', '47'),
(997, 'TENJO ', 11, '0000-00-00 00:00:00', '0000-00-00 00:00:00', '25799 ', '25'),
(998, 'TENZA ', 5, '0000-00-00 00:00:00', '0000-00-00 00:00:00', '15798 ', '15'),
(999, 'TEORAMA ', 18, '0000-00-00 00:00:00', '0000-00-00 00:00:00', '54800 ', '54'),
(1000, 'TERUEL ', 13, '0000-00-00 00:00:00', '0000-00-00 00:00:00', '41801 ', '41'),
(1001, 'TESALIA ', 13, '0000-00-00 00:00:00', '0000-00-00 00:00:00', '41797 ', '41'),
(1002, 'TIBACUY ', 11, '0000-00-00 00:00:00', '0000-00-00 00:00:00', '25805 ', '25'),
(1003, 'TIBANÁ ', 5, '0000-00-00 00:00:00', '0000-00-00 00:00:00', '15804 ', '15'),
(1004, 'TIBASOSA ', 5, '0000-00-00 00:00:00', '0000-00-00 00:00:00', '15806 ', '15'),
(1005, 'TIBIRITA ', 11, '0000-00-00 00:00:00', '0000-00-00 00:00:00', '25807 ', '25'),
(1006, 'TIBÚ ', 18, '0000-00-00 00:00:00', '0000-00-00 00:00:00', '54810 ', '54'),
(1007, 'TIERRALTA ', 10, '0000-00-00 00:00:00', '0000-00-00 00:00:00', '23807 ', '23'),
(1008, 'TIMANÁ ', 13, '0000-00-00 00:00:00', '0000-00-00 00:00:00', '41807 ', '41'),
(1009, 'TIMBÍO ', 8, '0000-00-00 00:00:00', '0000-00-00 00:00:00', '19807 ', '19'),
(1010, 'TIMBIQUÍ ', 8, '0000-00-00 00:00:00', '0000-00-00 00:00:00', '19809 ', '19'),
(1011, 'TINJACÁ ', 5, '0000-00-00 00:00:00', '0000-00-00 00:00:00', '15808 ', '15'),
(1012, 'TIPACOQUE ', 5, '0000-00-00 00:00:00', '0000-00-00 00:00:00', '15810 ', '15'),
(1013, 'TIQUISIO ', 4, '0000-00-00 00:00:00', '0000-00-00 00:00:00', '13810 ', '13'),
(1014, 'TITIRIBÍ ', 1, '0000-00-00 00:00:00', '0000-00-00 00:00:00', '05809 ', '05'),
(1015, 'TOCA ', 5, '0000-00-00 00:00:00', '0000-00-00 00:00:00', '15814 ', '15'),
(1016, 'TOCAIMA ', 11, '0000-00-00 00:00:00', '0000-00-00 00:00:00', '25815 ', '25'),
(1017, 'TOCANCIPÁ ', 11, '0000-00-00 00:00:00', '0000-00-00 00:00:00', '25817 ', '25'),
(1018, 'TOGÜÍ ', 5, '0000-00-00 00:00:00', '0000-00-00 00:00:00', '15816 ', '15'),
(1019, 'TOLEDO ', 1, '0000-00-00 00:00:00', '0000-00-00 00:00:00', '05819 ', '05'),
(1020, 'TOLEDO ', 18, '0000-00-00 00:00:00', '0000-00-00 00:00:00', '54820 ', '54'),
(1021, 'TOLÚ VIEJO ', 22, '0000-00-00 00:00:00', '0000-00-00 00:00:00', '70823 ', '70'),
(1022, 'TONA ', 21, '0000-00-00 00:00:00', '0000-00-00 00:00:00', '68820 ', '68'),
(1023, 'TÓPAGA ', 5, '0000-00-00 00:00:00', '0000-00-00 00:00:00', '15820 ', '15'),
(1024, 'TOPAIPÍ ', 11, '0000-00-00 00:00:00', '0000-00-00 00:00:00', '25823 ', '25'),
(1025, 'TORIBIO ', 8, '0000-00-00 00:00:00', '0000-00-00 00:00:00', '19821 ', '19'),
(1026, 'TORO ', 24, '0000-00-00 00:00:00', '0000-00-00 00:00:00', '76823 ', '76'),
(1027, 'TOTA ', 5, '0000-00-00 00:00:00', '0000-00-00 00:00:00', '15822 ', '15'),
(1028, 'TOTORÓ ', 8, '0000-00-00 00:00:00', '0000-00-00 00:00:00', '19824 ', '19'),
(1029, 'TRINIDAD ', 26, '0000-00-00 00:00:00', '0000-00-00 00:00:00', '85430 ', '85'),
(1030, 'TRUJILLO ', 24, '0000-00-00 00:00:00', '0000-00-00 00:00:00', '76828 ', '76'),
(1031, 'TUBARÁ ', 2, '0000-00-00 00:00:00', '0000-00-00 00:00:00', '08832 ', '08'),
(1032, 'TULUÁ ', 24, '0000-00-00 00:00:00', '0000-00-00 00:00:00', '76834 ', '76'),
(1033, 'TUMACO ', 17, '0000-00-00 00:00:00', '0000-00-00 00:00:00', '52835 ', '52'),
(1034, 'TUNJA ', 5, '0000-00-00 00:00:00', '0000-00-00 00:00:00', '15001 ', '15'),
(1035, 'TUNUNGUÁ ', 5, '0000-00-00 00:00:00', '0000-00-00 00:00:00', '15832 ', '15'),
(1036, 'TÚQUERRES ', 17, '0000-00-00 00:00:00', '0000-00-00 00:00:00', '52838 ', '52'),
(1037, 'TURBACO ', 4, '0000-00-00 00:00:00', '0000-00-00 00:00:00', '13836 ', '13'),
(1038, 'TURBANÁ ', 4, '0000-00-00 00:00:00', '0000-00-00 00:00:00', '13838 ', '13'),
(1039, 'TURBO ', 1, '0000-00-00 00:00:00', '0000-00-00 00:00:00', '05837 ', '05'),
(1040, 'TURMEQUÉ ', 5, '0000-00-00 00:00:00', '0000-00-00 00:00:00', '15835 ', '15'),
(1041, 'TUTA ', 5, '0000-00-00 00:00:00', '0000-00-00 00:00:00', '15837 ', '15'),
(1042, 'TUTAZÁ ', 5, '0000-00-00 00:00:00', '0000-00-00 00:00:00', '15839 ', '15'),
(1043, 'UBALÁ ', 11, '0000-00-00 00:00:00', '0000-00-00 00:00:00', '25839 ', '25'),
(1044, 'UBAQUE ', 11, '0000-00-00 00:00:00', '0000-00-00 00:00:00', '25841 ', '25'),
(1045, 'ULLOA ', 24, '0000-00-00 00:00:00', '0000-00-00 00:00:00', '76845 ', '76'),
(1046, 'UMBITA ', 5, '0000-00-00 00:00:00', '0000-00-00 00:00:00', '15842 ', '15'),
(1047, 'UNE ', 11, '0000-00-00 00:00:00', '0000-00-00 00:00:00', '25845 ', '25'),
(1048, 'UNGUÍA ', 12, '0000-00-00 00:00:00', '0000-00-00 00:00:00', '27800 ', '27'),
(1049, 'UNIÓN PANAMERICANA ', 12, '0000-00-00 00:00:00', '0000-00-00 00:00:00', '27810 ', '27'),
(1050, 'URAMITA ', 1, '0000-00-00 00:00:00', '0000-00-00 00:00:00', '05842 ', '05'),
(1051, 'URIBE ', 16, '0000-00-00 00:00:00', '0000-00-00 00:00:00', '50370 ', '50'),
(1052, 'URIBIA ', 14, '0000-00-00 00:00:00', '0000-00-00 00:00:00', '44847 ', '44'),
(1053, 'URRAO ', 1, '0000-00-00 00:00:00', '0000-00-00 00:00:00', '05847 ', '05'),
(1054, 'URUMITA ', 14, '0000-00-00 00:00:00', '0000-00-00 00:00:00', '44855 ', '44'),
(1055, 'USIACURÍ ', 2, '0000-00-00 00:00:00', '0000-00-00 00:00:00', '08849 ', '08'),
(1056, 'ÚTICA ', 11, '0000-00-00 00:00:00', '0000-00-00 00:00:00', '25851 ', '25'),
(1057, 'VALDIVIA ', 1, '0000-00-00 00:00:00', '0000-00-00 00:00:00', '05854 ', '05'),
(1058, 'VALENCIA ', 10, '0000-00-00 00:00:00', '0000-00-00 00:00:00', '23855 ', '23'),
(1059, 'VALLE DE SAN JOSÉ ', 21, '0000-00-00 00:00:00', '0000-00-00 00:00:00', '68855 ', '68'),
(1060, 'VALLE DE SAN JUAN ', 23, '0000-00-00 00:00:00', '0000-00-00 00:00:00', '73854 ', '73'),
(1061, 'VALLE DEL GUAMUEZ ', 27, '0000-00-00 00:00:00', '0000-00-00 00:00:00', '86865 ', '86'),
(1062, 'VALLEDUPAR ', 9, '0000-00-00 00:00:00', '0000-00-00 00:00:00', '20001 ', '20'),
(1063, 'VALPARAÍSO ', 1, '0000-00-00 00:00:00', '0000-00-00 00:00:00', '05856 ', '05'),
(1064, 'VALPARAÍSO ', 7, '0000-00-00 00:00:00', '0000-00-00 00:00:00', '18860 ', '18'),
(1065, 'VEGACHÍ ', 1, '0000-00-00 00:00:00', '0000-00-00 00:00:00', '05858 ', '05'),
(1066, 'VÉLEZ ', 21, '0000-00-00 00:00:00', '0000-00-00 00:00:00', '68861 ', '68'),
(1067, 'VENADILLO ', 23, '0000-00-00 00:00:00', '0000-00-00 00:00:00', '73861 ', '73'),
(1068, 'VENECIA ', 1, '0000-00-00 00:00:00', '0000-00-00 00:00:00', '05861 ', '05'),
(1069, 'VENECIA ', 11, '0000-00-00 00:00:00', '0000-00-00 00:00:00', '25506 ', '25'),
(1070, 'VENTAQUEMADA ', 5, '0000-00-00 00:00:00', '0000-00-00 00:00:00', '15861 ', '15'),
(1071, 'VERGARA ', 11, '0000-00-00 00:00:00', '0000-00-00 00:00:00', '25862 ', '25'),
(1072, 'VERSALLES ', 24, '0000-00-00 00:00:00', '0000-00-00 00:00:00', '76863 ', '76'),
(1073, 'VETAS ', 21, '0000-00-00 00:00:00', '0000-00-00 00:00:00', '68867 ', '68'),
(1074, 'VIANÍ ', 11, '0000-00-00 00:00:00', '0000-00-00 00:00:00', '25867 ', '25'),
(1075, 'VICTORIA ', 6, '0000-00-00 00:00:00', '0000-00-00 00:00:00', '17867 ', '17'),
(1076, 'VIGÍA DEL FUERTE ', 1, '0000-00-00 00:00:00', '0000-00-00 00:00:00', '05873 ', '05'),
(1077, 'VIJES ', 24, '0000-00-00 00:00:00', '0000-00-00 00:00:00', '76869 ', '76'),
(1078, 'VILLA CARO ', 18, '0000-00-00 00:00:00', '0000-00-00 00:00:00', '54871 ', '54'),
(1079, 'VILLA DE LEYVA ', 5, '0000-00-00 00:00:00', '0000-00-00 00:00:00', '15407 ', '15'),
(1080, 'VILLA DE SAN DIEGO DE UBATE ', 11, '0000-00-00 00:00:00', '0000-00-00 00:00:00', '25843 ', '25'),
(1081, 'VILLA DEL ROSARIO ', 18, '0000-00-00 00:00:00', '0000-00-00 00:00:00', '54874 ', '54'),
(1082, 'VILLA RICA ', 8, '0000-00-00 00:00:00', '0000-00-00 00:00:00', '19845 ', '19'),
(1083, 'VILLAGARZÓN ', 27, '0000-00-00 00:00:00', '0000-00-00 00:00:00', '86885 ', '86'),
(1084, 'VILLAGÓMEZ ', 11, '0000-00-00 00:00:00', '0000-00-00 00:00:00', '25871 ', '25'),
(1085, 'VILLAHERMOSA ', 23, '0000-00-00 00:00:00', '0000-00-00 00:00:00', '73870 ', '73'),
(1086, 'VILLAMARÍA ', 6, '0000-00-00 00:00:00', '0000-00-00 00:00:00', '17873 ', '17'),
(1087, 'VILLANUEVA ', 4, '0000-00-00 00:00:00', '0000-00-00 00:00:00', '13873 ', '13'),
(1088, 'VILLANUEVA ', 14, '0000-00-00 00:00:00', '0000-00-00 00:00:00', '44874 ', '44'),
(1089, 'VILLANUEVA ', 21, '0000-00-00 00:00:00', '0000-00-00 00:00:00', '68872 ', '68'),
(1090, 'VILLANUEVA ', 26, '0000-00-00 00:00:00', '0000-00-00 00:00:00', '85440 ', '85'),
(1091, 'VILLAPINZÓN ', 11, '0000-00-00 00:00:00', '0000-00-00 00:00:00', '25873 ', '25'),
(1092, 'VILLARRICA ', 23, '0000-00-00 00:00:00', '0000-00-00 00:00:00', '73873 ', '73'),
(1093, 'VILLAVICENCIO ', 16, '0000-00-00 00:00:00', '0000-00-00 00:00:00', '50001 ', '50'),
(1094, 'VILLAVIEJA ', 13, '0000-00-00 00:00:00', '0000-00-00 00:00:00', '41872 ', '41'),
(1095, 'VILLETA ', 11, '0000-00-00 00:00:00', '0000-00-00 00:00:00', '25875 ', '25'),
(1096, 'VIOTÁ ', 11, '0000-00-00 00:00:00', '0000-00-00 00:00:00', '25878 ', '25'),
(1097, 'VIRACACHÁ ', 5, '0000-00-00 00:00:00', '0000-00-00 00:00:00', '15879 ', '15'),
(1098, 'VISTAHERMOSA ', 16, '0000-00-00 00:00:00', '0000-00-00 00:00:00', '50711 ', '50'),
(1099, 'VITERBO ', 6, '0000-00-00 00:00:00', '0000-00-00 00:00:00', '17877 ', '17'),
(1100, 'YACOPÍ ', 11, '0000-00-00 00:00:00', '0000-00-00 00:00:00', '25885 ', '25'),
(1101, 'YACUANQUER ', 17, '0000-00-00 00:00:00', '0000-00-00 00:00:00', '52885 ', '52'),
(1102, 'YAGUARÁ ', 13, '0000-00-00 00:00:00', '0000-00-00 00:00:00', '41885 ', '41'),
(1103, 'YALÍ ', 1, '0000-00-00 00:00:00', '0000-00-00 00:00:00', '05885 ', '05'),
(1104, 'YARUMAL ', 1, '0000-00-00 00:00:00', '0000-00-00 00:00:00', '05887 ', '05'),
(1105, 'YAVARATÉ ', 32, '0000-00-00 00:00:00', '0000-00-00 00:00:00', '97889 ', '97'),
(1106, 'YOLOMBÓ ', 1, '0000-00-00 00:00:00', '0000-00-00 00:00:00', '05890 ', '05'),
(1107, 'YONDÓ ', 1, '0000-00-00 00:00:00', '0000-00-00 00:00:00', '05893 ', '05'),
(1108, 'YOPAL ', 26, '0000-00-00 00:00:00', '0000-00-00 00:00:00', '85001 ', '85'),
(1109, 'YOTOCO ', 24, '0000-00-00 00:00:00', '0000-00-00 00:00:00', '76890 ', '76'),
(1110, 'YUMBO ', 24, '0000-00-00 00:00:00', '0000-00-00 00:00:00', '76892 ', '76'),
(1111, 'ZAMBRANO ', 4, '0000-00-00 00:00:00', '0000-00-00 00:00:00', '13894 ', '13'),
(1112, 'ZAPATOCA ', 21, '0000-00-00 00:00:00', '0000-00-00 00:00:00', '68895 ', '68'),
(1113, 'ZAPAYÁN ', 15, '0000-00-00 00:00:00', '0000-00-00 00:00:00', '47960 ', '47'),
(1114, 'ZARAGOZA ', 1, '0000-00-00 00:00:00', '0000-00-00 00:00:00', '05895 ', '05'),
(1115, 'ZARZAL ', 24, '0000-00-00 00:00:00', '0000-00-00 00:00:00', '76895 ', '76'),
(1116, 'ZETAQUIRA ', 5, '0000-00-00 00:00:00', '0000-00-00 00:00:00', '15897 ', '15'),
(1117, 'ZIPACÓN ', 11, '0000-00-00 00:00:00', '0000-00-00 00:00:00', '25898 ', '25'),
(1118, 'ZIPAQUIRÁ ', 11, '0000-00-00 00:00:00', '0000-00-00 00:00:00', '25899 ', '25'),
(1119, 'ZONA BANANERA ', 15, '0000-00-00 00:00:00', '0000-00-00 00:00:00', '47980 ', '47');

--
-- Volcar la base de datos para la tabla `clientes`
--

INSERT INTO `clientes` (`id`, `nombre`, `direccion`, `telefono_1`, `telefono_2`, `fax`, `email`, `ciudad_id`, `created_at`, `updated_at`) VALUES
(1, 'Ingenio Providencia', 'Km 10 vía El Cerrito - Buga', '123', '456', '789', 'providencia@notmail.com', 300, '2008-07-07 04:38:26', '2008-07-07 04:38:26'),
(2, 'Ingenio Manuelita', 'Km 6 vía Pamira - Cerrito', '123', '456', '789', 'manuelita@notmail.com', 657, '2008-07-07 04:39:25', '2008-07-07 04:39:25');

--
-- Volcar la base de datos para la tabla `departamentos`
--

INSERT INTO `departamentos` (`id`, `nombre`, `pais_id`, `created_at`, `updated_at`, `codigo`) VALUES
(1, 'ANTIOQUIA', 1, '0000-00-00 00:00:00', '0000-00-00 00:00:00', '05'),
(2, 'ATLÁNTICO', 1, '0000-00-00 00:00:00', '0000-00-00 00:00:00', '08'),
(3, 'BOGOTÁ D.C', 1, '0000-00-00 00:00:00', '0000-00-00 00:00:00', '11'),
(4, 'BOLÍVAR', 1, '0000-00-00 00:00:00', '0000-00-00 00:00:00', '13'),
(5, 'BOYACÁ', 1, '0000-00-00 00:00:00', '0000-00-00 00:00:00', '15'),
(6, 'CALDAS', 1, '0000-00-00 00:00:00', '0000-00-00 00:00:00', '17'),
(7, 'CAQUETÁ', 1, '0000-00-00 00:00:00', '0000-00-00 00:00:00', '18'),
(8, 'CAUCA', 1, '0000-00-00 00:00:00', '0000-00-00 00:00:00', '19'),
(9, 'CESAR', 1, '0000-00-00 00:00:00', '0000-00-00 00:00:00', '20'),
(10, 'CÓRDOBA', 1, '0000-00-00 00:00:00', '0000-00-00 00:00:00', '23'),
(11, 'CUNDINAMARCA', 1, '0000-00-00 00:00:00', '0000-00-00 00:00:00', '25'),
(12, 'CHOCÓ', 1, '0000-00-00 00:00:00', '0000-00-00 00:00:00', '27'),
(13, 'HUILA', 1, '0000-00-00 00:00:00', '0000-00-00 00:00:00', '41'),
(14, 'LA GUAJIRA', 1, '0000-00-00 00:00:00', '0000-00-00 00:00:00', '44'),
(15, 'MAGDALENA', 1, '0000-00-00 00:00:00', '0000-00-00 00:00:00', '47'),
(16, 'META', 1, '0000-00-00 00:00:00', '0000-00-00 00:00:00', '50'),
(17, 'NARIÑO', 1, '0000-00-00 00:00:00', '2008-07-07 04:42:27', '52'),
(18, 'NORTE DE SANTANDER', 1, '0000-00-00 00:00:00', '0000-00-00 00:00:00', '54'),
(19, 'QUINDIO', 1, '0000-00-00 00:00:00', '0000-00-00 00:00:00', '63'),
(20, 'RISARALDA', 1, '0000-00-00 00:00:00', '0000-00-00 00:00:00', '66'),
(21, 'SANTANDER', 1, '0000-00-00 00:00:00', '0000-00-00 00:00:00', '68'),
(22, 'SUCRE', 1, '0000-00-00 00:00:00', '0000-00-00 00:00:00', '70'),
(23, 'TOLIMA', 1, '0000-00-00 00:00:00', '0000-00-00 00:00:00', '73'),
(24, 'VALLE DEL CAUCA', 1, '0000-00-00 00:00:00', '0000-00-00 00:00:00', '76'),
(25, 'ARAUCA', 1, '0000-00-00 00:00:00', '0000-00-00 00:00:00', '81'),
(26, 'CASANARE', 1, '0000-00-00 00:00:00', '0000-00-00 00:00:00', '85'),
(27, 'PUTUMAYO', 1, '0000-00-00 00:00:00', '0000-00-00 00:00:00', '86'),
(28, 'ARCHIPIÉLAGO DE SAN ANDRÉS, PROVIDENCIA Y SANTA CATALINA', 1, '0000-00-00 00:00:00', '0000-00-00 00:00:00', '88'),
(29, 'AMAZONAS', 1, '0000-00-00 00:00:00', '0000-00-00 00:00:00', '91'),
(30, 'GUAINÍA', 1, '0000-00-00 00:00:00', '0000-00-00 00:00:00', '94'),
(31, 'GUAVIARE', 1, '0000-00-00 00:00:00', '0000-00-00 00:00:00', '95'),
(32, 'VAUPÉS', 1, '0000-00-00 00:00:00', '0000-00-00 00:00:00', '97'),
(33, 'VICHADA', 1, '0000-00-00 00:00:00', '0000-00-00 00:00:00', '99');

--
-- Volcar la base de datos para la tabla `detalles_pedidos`
--


--
-- Volcar la base de datos para la tabla `ejemplares`
--

INSERT INTO `ejemplares` (`id`, `fecha_compra`, `vida_util_anhos`, `costo_compra`, `costo_dia`, `descripcion`, `estado`, `disponibilidad`, `herramienta_id`, `fabricante_id`, `created_at`, `updated_at`, `codigo`) VALUES
(5, '2008-07-11 09:10:00', 3, 150000.00, 7500.00, 'Arnés de seguridad normal', 'BUENO', 'DISPONIBLE', 1, 1, '2008-07-11 14:13:16', '2008-07-11 14:13:16', 'N-00008'),
(6, '2008-07-11 09:10:00', 3, 160000.00, 8000.00, 'Arnés  de seguridad 4 argollas Ref.9-059-7            \n', 'BUENO', 'DISPONIBLE', 1, 1, '2008-07-11 14:14:29', '2008-07-11 14:14:29', 'N-00385'),
(7, '2000-02-04 16:57:00', 5, 2500.00, 250.00, 'Adaptador para rache de 1" con cuadrante 3/4"', 'BUENO', 'DISPONIBLE', 2, 2, '2008-07-20 21:58:11', '2008-07-20 21:58:11', 'N-00005');

--
-- Volcar la base de datos para la tabla `fabricantes`
--

INSERT INTO `fabricantes` (`id`, `nombre`, `descripcion`, `created_at`, `updated_at`) VALUES
(1, 'ARSEG', NULL, '2008-07-11 01:32:17', '2008-07-11 01:32:17'),
(2, 'ARSTRONG USA', NULL, '2008-07-11 01:32:32', '2008-07-11 01:32:32'),
(3, 'STANLEY', NULL, '2008-07-11 01:32:40', '2008-07-11 01:32:40'),
(4, 'GENERAL ELECTRIC', NULL, '2008-07-11 01:32:57', '2008-07-11 01:32:57');

--
-- Volcar la base de datos para la tabla `herramientas`
--

INSERT INTO `herramientas` (`id`, `nombre`, `referencia`, `created_at`, `updated_at`, `descripcion`) VALUES
(1, 'Arnés de seguridad', 'AS-0005', '2008-07-11 14:11:24', '2008-07-11 14:26:15', 'Arnés de seguridad'),
(2, 'Adaptador para rache', 'AP-0004', '2008-07-20 07:02:41', '2008-07-20 21:59:08', 'Adaptador para rache');

--
-- Volcar la base de datos para la tabla `obras`
--


--
-- Volcar la base de datos para la tabla `paises`
--

INSERT INTO `paises` (`id`, `nombre`, `iso`, `created_at`, `updated_at`) VALUES
(1, 'COLOMBIA', 'CO', '2008-07-07 04:41:15', '2008-07-07 04:41:15');

--
-- Volcar la base de datos para la tabla `pedidos`
--


--
-- Volcar la base de datos para la tabla `perfiles`
--

INSERT INTO `perfiles` (`id`, `nombre`, `descripcion`, `created_at`, `updated_at`) VALUES
(1, 'Administrador', 'Administrador de la aplicación.  Puede ejecutar todas las acciones de la aplicación.', '2008-07-13 04:05:37', '2008-07-13 04:05:37'),
(2, 'Almacenista', 'Encargado del inventario. Gestiona las Herramientas, Ejemplares y Fabricantes.\nConsulta informes de Inventario, Herramientas por Obra, Obras por Cliente.', '2008-07-13 04:52:00', '2008-07-20 06:56:01'),
(3, 'Auxiliar de Impresión', 'Encargado de generar e imprimir resportes de la aplicación.', '2008-07-20 06:57:34', '2008-07-20 06:57:34'),
(4, 'Ingeniero de Obra', 'Encargado de Obras. Puede consultar informes de ....', '2008-07-20 06:58:24', '2008-07-20 06:58:24');

--
-- Volcar la base de datos para la tabla `perfiles_privilegios`
--

INSERT INTO `perfiles_privilegios` (`privilegio_id`, `perfil_id`) VALUES
(1, 1),
(2, 1),
(3, 1),
(4, 1),
(5, 1),
(6, 1),
(7, 1),
(8, 1),
(9, 1),
(11, 1),
(12, 1),
(13, 1),
(14, 1),
(15, 1),
(16, 1),
(17, 1),
(18, 1),
(20, 1),
(21, 1),
(22, 1),
(23, 1),
(24, 1),
(25, 1),
(26, 1),
(27, 1),
(28, 1),
(29, 1),
(30, 1),
(31, 1),
(32, 1),
(33, 1),
(34, 1),
(35, 1),
(36, 1),
(37, 1),
(38, 1),
(39, 1),
(40, 1),
(41, 1),
(42, 1),
(43, 1),
(44, 1),
(45, 1),
(46, 1),
(47, 1),
(48, 1),
(49, 1),
(50, 1),
(51, 1),
(52, 1),
(53, 1),
(54, 1),
(55, 1),
(56, 1),
(57, 1),
(58, 1),
(59, 1),
(60, 1),
(61, 1),
(62, 1),
(63, 1),
(64, 1),
(65, 1),
(66, 1),
(67, 1),
(68, 1),
(69, 1),
(70, 1),
(71, 1),
(72, 1),
(73, 1),
(74, 1),
(75, 1),
(76, 1),
(77, 1),
(78, 1),
(79, 1),
(80, 1),
(81, 1),
(82, 1),
(83, 1),
(84, 1),
(85, 1),
(86, 1),
(87, 1),
(88, 1),
(89, 1),
(90, 1),
(91, 1),
(92, 1),
(93, 1),
(94, 1),
(95, 1),
(96, 1),
(97, 1),
(98, 1),
(99, 1),
(100, 1),
(101, 1),
(102, 1),
(103, 1),
(104, 1),
(105, 1),
(106, 1),
(107, 1),
(108, 1),
(109, 1),
(110, 1),
(111, 1),
(112, 1),
(113, 1),
(114, 1),
(115, 1),
(116, 1),
(117, 1),
(118, 1),
(119, 1),
(120, 1),
(121, 1),
(122, 1),
(123, 1),
(124, 1),
(125, 1),
(126, 1),
(127, 1),
(128, 1),
(129, 1),
(130, 1),
(131, 1),
(132, 1),
(133, 1),
(134, 1),
(135, 1),
(136, 1),
(137, 1),
(138, 1),
(139, 1),
(140, 1),
(141, 1),
(142, 1),
(143, 1),
(144, 1),
(145, 1),
(146, 1),
(147, 1),
(148, 1),
(149, 1),
(150, 1),
(151, 1),
(152, 1),
(153, 1),
(154, 1),
(155, 1),
(156, 1),
(157, 1),
(158, 1),
(159, 1),
(160, 1),
(161, 1),
(162, 1),
(163, 1),
(164, 1),
(165, 1),
(166, 1),
(167, 1),
(168, 1),
(169, 1),
(170, 1),
(171, 1),
(172, 1),
(173, 1),
(174, 1),
(175, 1),
(176, 1),
(177, 1),
(178, 1),
(179, 1),
(180, 1),
(181, 1),
(182, 1),
(183, 1),
(184, 1),
(185, 1),
(186, 1),
(187, 1),
(188, 1),
(189, 1),
(190, 1),
(191, 1),
(192, 1),
(193, 1),
(194, 1),
(195, 1),
(196, 1),
(197, 1),
(198, 1),
(199, 1),
(200, 1),
(201, 1),
(202, 1),
(203, 1),
(204, 1),
(205, 1),
(206, 1),
(207, 1),
(208, 1),
(209, 1),
(5, 2),
(6, 2),
(7, 2),
(8, 2),
(45, 2),
(46, 2),
(47, 2),
(48, 2),
(49, 2),
(50, 2),
(51, 2),
(52, 2),
(53, 2),
(54, 2),
(55, 2),
(56, 2),
(57, 2),
(58, 2),
(59, 2),
(60, 2),
(77, 2),
(78, 2),
(79, 2),
(80, 2),
(81, 2),
(82, 2),
(83, 2),
(84, 2),
(85, 2),
(86, 2),
(87, 2),
(88, 2),
(89, 2),
(90, 2),
(91, 2),
(92, 2),
(93, 2),
(94, 2),
(95, 2),
(96, 2),
(97, 2),
(98, 2),
(99, 2),
(100, 2),
(101, 2),
(102, 2),
(103, 2),
(104, 2),
(105, 2),
(106, 2),
(107, 2),
(108, 2),
(109, 2),
(110, 2),
(111, 2),
(112, 2),
(113, 2),
(114, 2),
(115, 2),
(116, 2),
(117, 2),
(118, 2),
(119, 2),
(120, 2),
(121, 2),
(122, 2),
(123, 2),
(124, 2),
(125, 2),
(126, 2),
(127, 2),
(128, 2),
(129, 2),
(130, 2),
(131, 2),
(132, 2),
(133, 2),
(134, 2),
(135, 2),
(136, 2),
(137, 2),
(138, 2),
(139, 2),
(140, 2),
(141, 2),
(142, 2),
(143, 2),
(144, 2),
(145, 2),
(146, 2),
(147, 2),
(148, 2),
(149, 2),
(150, 2),
(151, 2),
(152, 2),
(153, 2),
(154, 2),
(155, 2),
(156, 2),
(157, 2),
(158, 2),
(210, 1),
(211, 1),
(212, 1),
(213, 1),
(214, 1),
(215, 1),
(216, 1),
(217, 1),
(218, 1),
(219, 1),
(220, 1),
(221, 1),
(218, 2),
(219, 2),
(220, 2),
(221, 2),
(224, 1),
(225, 1),
(226, 1),
(227, 1),
(228, 1),
(229, 1),
(230, 1),
(231, 1),
(232, 1),
(233, 1),
(234, 1),
(235, 1),
(224, 2),
(225, 2),
(226, 2),
(227, 2),
(228, 2),
(15, 2),
(9, 2);

--
-- Volcar la base de datos para la tabla `privilegios`
--

INSERT INTO `privilegios` (`id`, `nombre`, `nombre_menu`, `descripcion`, `controller`, `action`, `visible_menu`, `nivel_menu`, `orden_menu`) VALUES
(1, 'Gestionar Usuarios', 'Usuarios', 'Crear, actualizar, eliminar y consultar Usuarios de la aplicación.', 'usuarios', 'index', 1, 1, 1),
(2, 'Gestionar Perfiles', 'Perfiles', 'Crear, actualizar, eliminar y consultar Perfiles de la aplicación.', 'perfiles', 'index', 1, 1, 2),
(3, 'Gestionar Clientes', 'Clientes', 'Crear, actualizar, eliminar y consultar Clientes de la aplicación.', 'clientes', 'index', 1, 1, 4),
(4, 'Gestionar Obras', 'Obras', 'Crear, actualizar, eliminar y consultar Obras de la aplicación.', 'obras', 'index', 1, 1, 5),
(5, 'Gestionar Herramientas', 'Herramientas', 'Crear, actualizar, eliminar y consultar Herramientas de la aplicación.', 'herramientas', 'index', 1, 1, 7),
(6, 'Gestionar Ejemplares', 'Ejemplares', 'Crear, actualizar, eliminar y consultar Ejemplares de Herramientas de la aplicación.', 'ejemplares', 'index', 0, 2, 99),
(7, 'Gestionar Fabricantes', 'Fabricantes', 'Crear, actualizar, eliminar y consultar Fabricantes de herramientas de la aplicación.', 'fabricantes', 'index', 1, 2, 8),
(8, 'Gestionar Ciudades', 'Ciudades', 'Crear, actualizar, eliminar y consultar Ciudades de la aplicación.', 'ciudades', 'index', 1, 2, 99),
(9, 'Formulario de entrada', 'login', 'Formulario de entrada al sistema. Username y password.', 'admin', 'login', 0, 2, 99),
(11, 'new usuarios', 'new usuarios', 'Acción new usuario', 'usuarios', 'new', 0, 2, 99),
(12, 'edit usuarios', 'edit usuarios', 'Acción edit usuarios', 'usuarios', 'edit', 0, 2, 99),
(13, 'list usuarios', 'list usuarios', 'Acción list usuarios', 'usuarios', 'list', 0, 2, 99),
(14, 'create usuarios', 'create usuarios', 'Acción create usuarios', 'usuarios', 'create', 0, 2, 99),
(15, 'Inicio', 'Inicio', 'Inicio de la palicación una vez se ha realizado la autenticación.', 'inicio', 'index', 1, 2, 99),
(16, 'update usuarios', 'update usuarios', 'Acción update usuarios', 'usuarios', 'update', 0, 2, 99),
(17, 'show usuarios', 'show usuarios', 'Acción show usuarios', 'usuarios', 'show', 0, 2, 99),
(18, 'search usuarios', 'search usuarios', 'Acción search usuario', 'usuarios', 'search', 0, 2, 99),
(20, 'update_column usuarios', 'update_column usuarios', 'Acción update_column usuarios', 'usuarios', 'update_column', 0, 2, 99),
(21, 'update_table usuarios', 'update_table usuarios', 'Acción update_table usuarios', 'usuarios', 'update_table', 0, 2, 99),
(22, 'new_existing usuarios', 'new_existing usuarios', 'Acción new_existing usuarios', 'usuarios', 'new_existing', 0, 2, 99),
(23, 'row usuarios', 'row usuarios', 'Acción row usuarios', 'usuarios', 'row', 0, 2, 99),
(24, 'add_existing usuarios', 'add_existing usuarios', 'Acción add_existing usuarios', 'usuarios', 'add_existing', 0, 2, 99),
(25, 'edit_associated usuarios', 'edit_associated usuarios', 'Acción edit_associated usuarios', 'usuarios', 'edit_associated', 0, 2, 99),
(26, 'show_search usuarios', 'show_search usuarios', 'Acción show_search usuarios', 'usuarios', 'show_search', 0, 2, 99),
(27, 'pagination usuarios', 'pagination usuarios', 'Acción pagination usuarios', 'usuarios', 'pagination', 0, 2, 99),
(28, 'destroy usuarios', 'destroy usuarios', 'Acción destroy usuarios', 'usuarios', 'destroy', 0, 2, 99),
(29, 'new clientes', 'new clientes', 'Acción new clientes', 'clientes', 'new', 0, 2, 99),
(30, 'edit clientes', 'edit clientes', 'Acción edit clientes', 'clientes', 'edit', 0, 2, 99),
(31, 'list clientes', 'list clientes', 'Acción list clientes', 'clientes', 'list', 0, 2, 99),
(32, 'create clientes', 'create clientes', 'Acción create clientes', 'clientes', 'create', 0, 2, 99),
(33, 'update clientes', 'update clientes', 'Acción update clientes', 'clientes', 'update', 0, 2, 99),
(34, 'show clientes', 'show clientes', 'Acción show clientes', 'clientes', 'show', 0, 2, 99),
(35, 'search clientes', 'search clientes', 'Acción search usuario', 'clientes', 'search', 0, 2, 99),
(36, 'update_column clientes', 'update_column clientes', 'Acción update_column clientes', 'clientes', 'update_column', 0, 2, 99),
(37, 'update_table clientes', 'update_table clientes', 'Acción update_table clientes', 'clientes', 'update_table', 0, 2, 99),
(38, 'new_existing clientes', 'new_existing clientes', 'Acción new_existing clientes', 'clientes', 'new_existing', 0, 2, 99),
(39, 'row clientes', 'row clientes', 'Acción row clientes', 'clientes', 'row', 0, 2, 99),
(40, 'add_existing clientes', 'add_existing clientes', 'Acción add_existing clientes', 'clientes', 'add_existing', 0, 2, 99),
(41, 'edit_associated clientes', 'edit_associated clientes', 'Acción edit_associated clientes', 'clientes', 'edit_associated', 0, 2, 99),
(42, 'show_search clientes', 'show_search clientes', 'Acción show_search clientes', 'clientes', 'show_search', 0, 2, 99),
(43, 'pagination clientes', 'pagination clientes', 'Acción pagination clientes', 'clientes', 'pagination', 0, 2, 99),
(44, 'destroy clientes', 'destroy clientes', 'Acción destroy clientes', 'clientes', 'destroy', 0, 2, 99),
(45, 'new fabricantes', 'new fabricantes', 'Acción new fabricantes', 'fabricantes', 'new', 0, 2, 99),
(46, 'edit fabricantes', 'edit fabricantes', 'Acción edit fabricantes', 'fabricantes', 'edit', 0, 2, 99),
(47, 'list fabricantes', 'list fabricantes', 'Acción list fabricantes', 'fabricantes', 'list', 0, 2, 99),
(48, 'create fabricantes', 'create fabricantes', 'Acción create fabricantes', 'fabricantes', 'create', 0, 2, 99),
(49, 'update fabricantes', 'update fabricantes', 'Acción update fabricantes', 'fabricantes', 'update', 0, 2, 99),
(50, 'show fabricantes', 'show fabricantes', 'Acción show fabricantes', 'fabricantes', 'show', 0, 2, 99),
(51, 'search fabricantes', 'search fabricantes', 'Acción search usuario', 'fabricantes', 'search', 0, 2, 99),
(52, 'update_column fabricantes', 'update_column fabricantes', 'Acción update_column fabricantes', 'fabricantes', 'update_column', 0, 2, 99),
(53, 'update_table fabricantes', 'update_table fabricantes', 'Acción update_table fabricantes', 'fabricantes', 'update_table', 0, 2, 99),
(54, 'new_existing fabricantes', 'new_existing fabricantes', 'Acción new_existing fabricantes', 'fabricantes', 'new_existing', 0, 2, 99),
(55, 'row fabricantes', 'row fabricantes', 'Acción row fabricantes', 'fabricantes', 'row', 0, 2, 99),
(56, 'add_existing fabricantes', 'add_existing fabricantes', 'Acción add_existing fabricantes', 'fabricantes', 'add_existing', 0, 2, 99),
(57, 'edit_associated fabricantes', 'edit_associated fabricantes', 'Acción edit_associated fabricantes', 'fabricantes', 'edit_associated', 0, 2, 99),
(58, 'show_search fabricantes', 'show_search fabricantes', 'Acción show_search fabricantes', 'fabricantes', 'show_search', 0, 2, 99),
(59, 'pagination fabricantes', 'pagination fabricantes', 'Acción pagination fabricantes', 'fabricantes', 'pagination', 0, 2, 99),
(60, 'destroy fabricantes', 'destroy fabricantes', 'Acción destroy fabricantes', 'fabricantes', 'destroy', 0, 2, 99),
(61, 'new obras', 'new obras', 'Acción new obras', 'obras', 'new', 0, 2, 99),
(62, 'edit obras', 'edit obras', 'Acción edit obras', 'obras', 'edit', 0, 2, 99),
(63, 'list obras', 'list obras', 'Acción list obras', 'obras', 'list', 0, 2, 99),
(64, 'create obras', 'create obras', 'Acción create obras', 'obras', 'create', 0, 2, 99),
(65, 'update obras', 'update obras', 'Acción update obras', 'obras', 'update', 0, 2, 99),
(66, 'show obras', 'show obras', 'Acción show obras', 'obras', 'show', 0, 2, 99),
(67, 'search obras', 'search obras', 'Acción search usuario', 'obras', 'search', 0, 2, 99),
(68, 'update_column obras', 'update_column obras', 'Acción update_column obras', 'obras', 'update_column', 0, 2, 99),
(69, 'update_table obras', 'update_table obras', 'Acción update_table obras', 'obras', 'update_table', 0, 2, 99),
(70, 'new_existing obras', 'new_existing obras', 'Acción new_existing obras', 'obras', 'new_existing', 0, 2, 99),
(71, 'row obras', 'row obras', 'Acción row obras', 'obras', 'row', 0, 2, 99),
(72, 'add_existing obras', 'add_existing obras', 'Acción add_existing obras', 'obras', 'add_existing', 0, 2, 99),
(73, 'edit_associated obras', 'edit_associated obras', 'Acción edit_associated obras', 'obras', 'edit_associated', 0, 2, 99),
(74, 'show_search obras', 'show_search obras', 'Acción show_search obras', 'obras', 'show_search', 0, 2, 99),
(75, 'pagination obras', 'pagination obras', 'Acción pagination obras', 'obras', 'pagination', 0, 2, 99),
(76, 'destroy obras', 'destroy obras', 'Acción destroy obras', 'obras', 'destroy', 0, 2, 99),
(77, 'new ejemplares', 'new ejemplares', 'Acción new ejemplares', 'ejemplares', 'new', 0, 2, 99),
(78, 'edit ejemplares', 'edit ejemplares', 'Acción edit ejemplares', 'ejemplares', 'edit', 0, 2, 99),
(79, 'list ejemplares', 'list ejemplares', 'Acción list ejemplares', 'ejemplares', 'list', 0, 2, 99),
(80, 'create ejemplares', 'create ejemplares', 'Acción create ejemplares', 'ejemplares', 'create', 0, 2, 99),
(81, 'update ejemplares', 'update ejemplares', 'Acción update ejemplares', 'ejemplares', 'update', 0, 2, 99),
(82, 'show ejemplares', 'show ejemplares', 'Acción show ejemplares', 'ejemplares', 'show', 0, 2, 99),
(83, 'search ejemplares', 'search ejemplares', 'Acción search usuario', 'ejemplares', 'search', 0, 2, 99),
(84, 'update_column ejemplares', 'update_column ejemplares', 'Acción update_column ejemplares', 'ejemplares', 'update_column', 0, 2, 99),
(85, 'update_table ejemplares', 'update_table ejemplares', 'Acción update_table ejemplares', 'ejemplares', 'update_table', 0, 2, 99),
(86, 'new_existing ejemplares', 'new_existing ejemplares', 'Acción new_existing ejemplares', 'ejemplares', 'new_existing', 0, 2, 99),
(87, 'row ejemplares', 'row ejemplares', 'Acción row ejemplares', 'ejemplares', 'row', 0, 2, 99),
(88, 'add_existing ejemplares', 'add_existing ejemplares', 'Acción add_existing ejemplares', 'ejemplares', 'add_existing', 0, 2, 99),
(89, 'edit_associated ejemplares', 'edit_associated ejemplares', 'Acción edit_associated ejemplares', 'ejemplares', 'edit_associated', 0, 2, 99),
(90, 'show_search ejemplares', 'show_search ejemplares', 'Acción show_search ejemplares', 'ejemplares', 'show_search', 0, 2, 99),
(91, 'pagination ejemplares', 'pagination ejemplares', 'Acción pagination ejemplares', 'ejemplares', 'pagination', 0, 2, 99),
(92, 'destroy ejemplares', 'destroy ejemplares', 'Acción destroy ejemplares', 'ejemplares', 'destroy', 0, 2, 99),
(93, 'new herramientas', 'new herramientas', 'Acción new herramientas', 'herramientas', 'new', 0, 2, 99),
(94, 'edit herramientas', 'edit herramientas', 'Acción edit herramientas', 'herramientas', 'edit', 0, 2, 99),
(95, 'list herramientas', 'list herramientas', 'Acción list herramientas', 'herramientas', 'list', 0, 2, 99),
(96, 'create herramientas', 'create herramientas', 'Acción create herramientas', 'herramientas', 'create', 0, 2, 99),
(97, 'update herramientas', 'update herramientas', 'Acción update herramientas', 'herramientas', 'update', 0, 2, 99),
(98, 'show herramientas', 'show herramientas', 'Acción show herramientas', 'herramientas', 'show', 0, 2, 99),
(99, 'search herramientas', 'search herramientas', 'Acción search usuario', 'herramientas', 'search', 0, 2, 99),
(100, 'update_column herramientas', 'update_column herramientas', 'Acción update_column herramientas', 'herramientas', 'update_column', 0, 2, 99),
(101, 'update_table herramientas', 'update_table herramientas', 'Acción update_table herramientas', 'herramientas', 'update_table', 0, 2, 99),
(102, 'new_existing herramientas', 'new_existing herramientas', 'Acción new_existing herramientas', 'herramientas', 'new_existing', 0, 2, 99),
(103, 'row herramientas', 'row herramientas', 'Acción row herramientas', 'herramientas', 'row', 0, 2, 99),
(104, 'add_existing herramientas', 'add_existing herramientas', 'Acción add_existing herramientas', 'herramientas', 'add_existing', 0, 2, 99),
(105, 'edit_associated herramientas', 'edit_associated herramientas', 'Acción edit_associated herramientas', 'herramientas', 'edit_associated', 0, 2, 99),
(106, 'show_search herramientas', 'show_search herramientas', 'Acción show_search herramientas', 'herramientas', 'show_search', 0, 2, 99),
(107, 'pagination herramientas', 'pagination herramientas', 'Acción pagination herramientas', 'herramientas', 'pagination', 0, 2, 99),
(108, 'destroy herremientas', 'destroy herremientas', 'Acción destroy herremientas', 'herramientas', 'destroy', 0, 2, 99),
(109, 'new ciudades', 'new ciudades', 'Acción new ciudades', 'ciudades', 'new', 0, 2, 99),
(110, 'edit ciudades', 'edit ciudades', 'Acción edit ciudades', 'ciudades', 'edit', 0, 2, 99),
(111, 'list ciudades', 'list ciudades', 'Acción list ciudades', 'ciudades', 'list', 0, 2, 99),
(112, 'create ciudades', 'create ciudades', 'Acción create ciudades', 'ciudades', 'create', 0, 2, 99),
(113, 'update ciudades', 'update ciudades', 'Acción update ciudades', 'ciudades', 'update', 0, 2, 99),
(114, 'show ciudades', 'show ciudades', 'Acción show ciudades', 'ciudades', 'show', 0, 2, 99),
(115, 'search ciudades', 'search ciudades', 'Acción search usuario', 'ciudades', 'search', 0, 2, 99),
(116, 'update_column ciudades', 'update_column ciudades', 'Acción update_column ciudades', 'ciudades', 'update_column', 0, 2, 99),
(117, 'update_table ciudades', 'update_table ciudades', 'Acción update_table ciudades', 'ciudades', 'update_table', 0, 2, 99),
(118, 'new_existing ciudades', 'new_existing ciudades', 'Acción new_existing ciudades', 'ciudades', 'new_existing', 0, 2, 99),
(119, 'row ciudades', 'row ciudades', 'Acción row ciudades', 'ciudades', 'row', 0, 2, 99),
(120, 'add_existing ciudades', 'add_existing ciudades', 'Acción add_existing ciudades', 'ciudades', 'add_existing', 0, 2, 99),
(121, 'edit_associated ciudades', 'edit_associated ciudades', 'Acción edit_associated ciudades', 'ciudades', 'edit_associated', 0, 2, 99),
(122, 'show_search ciudades', 'show_search ciudades', 'Acción show_search ciudades', 'ciudades', 'show_search', 0, 2, 99),
(123, 'pagination ciudades', 'pagination ciudades', 'Acción pagination ciudades', 'ciudades', 'pagination', 0, 2, 99),
(124, 'destroy ciudades', 'destroy ciudades', 'Acción destroy ciudades', 'ciudades', 'destroy', 0, 2, 99),
(125, 'Gestionar Departamentos', 'Departamentos', 'Crear, actualizar, eliminar y consultar Departamentos de la aplicación.', 'departamentos', 'index', 1, 2, 99),
(126, 'new departamentos', 'new departamentos', 'Acción new departamentos', 'departamentos', 'new', 0, 2, 99),
(127, 'edit departamentos', 'edit departamentos', 'Acción edit departamentos', 'departamentos', 'edit', 0, 2, 99),
(128, 'list departamentos', 'list departamentos', 'Acción list departamentos', 'departamentos', 'list', 0, 2, 99),
(129, 'create departamentos', 'create departamentos', 'Acción create departamentos', 'departamentos', 'create', 0, 2, 99),
(130, 'update departamentos', 'update departamentos', 'Acción update departamentos', 'departamentos', 'update', 0, 2, 99),
(131, 'show departamentos', 'show departamentos', 'Acción show departamentos', 'departamentos', 'show', 0, 2, 99),
(132, 'search departamentos', 'search departamentos', 'Acción search usuario', 'departamentos', 'search', 0, 2, 99),
(133, 'update_column departamentos', 'update_column departamentos', 'Acción update_column departamentos', 'departamentos', 'update_column', 0, 2, 99),
(134, 'update_table departamentos', 'update_table departamentos', 'Acción update_table departamentos', 'departamentos', 'update_table', 0, 2, 99),
(135, 'new_existing departamentos', 'new_existing departamentos', 'Acción new_existing departamentos', 'departamentos', 'new_existing', 0, 2, 99),
(136, 'row departamentos', 'row departamentos', 'Acción row departamentos', 'departamentos', 'row', 0, 2, 99),
(137, 'add_existing departamentos', 'add_existing departamentos', 'Acción add_existing departamentos', 'departamentos', 'add_existing', 0, 2, 99),
(138, 'edit_associated departamentos', 'edit_associated departamentos', 'Acción edit_associated departamentos', 'departamentos', 'edit_associated', 0, 2, 99),
(139, 'show_search departamentos', 'show_search departamentos', 'Acción show_search departamentos', 'departamentos', 'show_search', 0, 2, 99),
(140, 'pagination departamentos', 'pagination departamentos', 'Acción pagination departamentos', 'departamentos', 'pagination', 0, 2, 99),
(141, 'destroy departamentos', 'destroy departamentos', 'Acción destroy departamentos', 'departamentos', 'destroy', 0, 2, 99),
(142, 'Gestionar Paises', 'Paises', 'Crear, actualizar, eliminar y consultar Paises de la aplicación.', 'paises', 'index', 1, 2, 99),
(143, 'new paises', 'new paises', 'Acción new paises', 'paises', 'new', 0, 2, 99),
(144, 'edit paises', 'edit paises', 'Acción edit paises', 'paises', 'edit', 0, 2, 99),
(145, 'list paises', 'list paises', 'Acción list paises', 'paises', 'list', 0, 2, 99),
(146, 'create paises', 'create paises', 'Acción create paises', 'paises', 'create', 0, 2, 99),
(147, 'update paises', 'update paises', 'Acción update paises', 'paises', 'update', 0, 2, 99),
(148, 'show paises', 'show paises', 'Acción show paises', 'paises', 'show', 0, 2, 99),
(149, 'search paises', 'search paises', 'Acción search usuario', 'paises', 'search', 0, 2, 99),
(150, 'update_column paises', 'update_column paises', 'Acción update_column paises', 'paises', 'update_column', 0, 2, 99),
(151, 'update_table paises', 'update_table paises', 'Acción update_table paises', 'paises', 'update_table', 0, 2, 99),
(152, 'new_existing paises', 'new_existing paises', 'Acción new_existing paises', 'paises', 'new_existing', 0, 2, 99),
(153, 'row paises', 'row paises', 'Acción row paises', 'paises', 'row', 0, 2, 99),
(154, 'add_existing paises', 'add_existing paises', 'Acción add_existing paises', 'paises', 'add_existing', 0, 2, 99),
(155, 'edit_associated paises', 'edit_associated paises', 'Acción edit_associated paises', 'paises', 'edit_associated', 0, 2, 99),
(156, 'show_search paises', 'show_search paises', 'Acción show_search paises', 'paises', 'show_search', 0, 2, 99),
(157, 'pagination paises', 'pagination paises', 'Acción pagination paises', 'paises', 'pagination', 0, 2, 99),
(158, 'destroy paises', 'destroy paises', 'Acción destroy paises', 'paises', 'destroy', 0, 2, 99),
(159, 'Gestionar Perfiles', 'Perfiles', 'Crear, actualizar, eliminar y consultar Perfiles de la aplicación.', 'perfiles', 'index', 1, 2, 99),
(160, 'new perfiles', 'new perfiles', 'Acción new perfiles', 'perfiles', 'new', 0, 2, 99),
(161, 'edit perfiles', 'edit perfiles', 'Acción edit perfiles', 'perfiles', 'edit', 0, 2, 99),
(162, 'list perfiles', 'list perfiles', 'Acción list perfiles', 'perfiles', 'list', 0, 2, 99),
(163, 'create perfiles', 'create perfiles', 'Acción create perfiles', 'perfiles', 'create', 0, 2, 99),
(164, 'update perfiles', 'update perfiles', 'Acción update perfiles', 'perfiles', 'update', 0, 2, 99),
(165, 'show perfiles', 'show perfiles', 'Acción show perfiles', 'perfiles', 'show', 0, 2, 99),
(166, 'search perfiles', 'search perfiles', 'Acción search usuario', 'perfiles', 'search', 0, 2, 99),
(167, 'update_column perfiles', 'update_column perfiles', 'Acción update_column perfiles', 'perfiles', 'update_column', 0, 2, 99),
(168, 'update_table perfiles', 'update_table perfiles', 'Acción update_table perfiles', 'perfiles', 'update_table', 0, 2, 99),
(169, 'new_existing perfiles', 'new_existing perfiles', 'Acción new_existing perfiles', 'perfiles', 'new_existing', 0, 2, 99),
(170, 'row perfiles', 'row perfiles', 'Acción row perfiles', 'perfiles', 'row', 0, 2, 99),
(171, 'add_existing perfiles', 'add_existing perfiles', 'Acción add_existing perfiles', 'perfiles', 'add_existing', 0, 2, 99),
(172, 'edit_associated perfiles', 'edit_associated perfiles', 'Acción edit_associated perfiles', 'perfiles', 'edit_associated', 0, 2, 99),
(173, 'show_search perfiles', 'show_search perfiles', 'Acción show_search perfiles', 'perfiles', 'show_search', 0, 2, 99),
(174, 'pagination perfiles', 'pagination perfiles', 'Acción pagination perfiles', 'perfiles', 'pagination', 0, 2, 99),
(175, 'destroy perfiles', 'destroy perfiles', 'Acción destroy perfiles', 'perfiles', 'destroy', 0, 2, 99),
(176, 'Gestionar Privilegios', 'Privilegios', 'Crear, actualizar, eliminar y consultar Privilegios de la aplicación.', 'privilegios', 'index', 1, 1, 3),
(177, 'new privilegios', 'new privilegios', 'Acción new privilegios', 'privilegios', 'new', 0, 2, 99),
(178, 'edit privilegios', 'edit privilegios', 'Acción edit privilegios', 'privilegios', 'edit', 0, 2, 99),
(179, 'list privilegios', 'list privilegios', 'Acción list privilegios', 'privilegios', 'list', 0, 2, 99),
(180, 'create privilegios', 'create privilegios', 'Acción create privilegios', 'privilegios', 'create', 0, 2, 99),
(181, 'update privilegios', 'update privilegios', 'Acción update privilegios', 'privilegios', 'update', 0, 2, 99),
(182, 'show privilegios', 'show privilegios', 'Acción show privilegios', 'privilegios', 'show', 0, 2, 99),
(183, 'search privilegios', 'search privilegios', 'Acción search usuario', 'privilegios', 'search', 0, 2, 99),
(184, 'update_column privilegios', 'update_column privilegios', 'Acción update_column privilegios', 'privilegios', 'update_column', 0, 2, 99),
(185, 'update_table privilegios', 'update_table privilegios', 'Acción update_table privilegios', 'privilegios', 'update_table', 0, 2, 99),
(186, 'new_existing privilegios', 'new_existing privilegios', 'Acción new_existing privilegios', 'privilegios', 'new_existing', 0, 2, 99),
(187, 'row privilegios', 'row privilegios', 'Acción row privilegios', 'privilegios', 'row', 0, 2, 99),
(188, 'add_existing privilegios', 'add_existing privilegios', 'Acción add_existing privilegios', 'privilegios', 'add_existing', 0, 2, 99),
(189, 'edit_associated privilegios', 'edit_associated privilegios', 'Acción edit_associated privilegios', 'privilegios', 'edit_associated', 0, 2, 99),
(190, 'show_search privilegios', 'show_search privilegios', 'Acción show_search privilegios', 'privilegios', 'show_search', 0, 2, 99),
(191, 'pagination privilegios', 'pagination privilegios', 'Acción pagination privilegios', 'privilegios', 'pagination', 0, 2, 99),
(192, 'destroy privilegios', 'destroy privilegios', 'Acción destroy privilegios', 'privilegios', 'destroy', 0, 2, 99),
(193, 'Gestionar Tipos de Documento', 'Tipos de Documento', 'Crear, actualizar, eliminar y consultar Tipos de Documento de la aplicación.', 'tipos_doc', 'index', 1, 2, 99),
(194, 'new tipos_doc', 'new tipos_doc', 'Acción new tipos_doc', 'tipos_doc', 'new', 0, 2, 99),
(195, 'edit tipos_doc', 'edit tipos_doc', 'Acción edit tipos_doc', 'tipos_doc', 'edit', 0, 2, 99),
(196, 'list tipos_doc', 'list tipos_doc', 'Acción list tipos_doc', 'tipos_doc', 'list', 0, 2, 99),
(197, 'create tipos_doc', 'create tipos_doc', 'Acción create tipos_doc', 'tipos_doc', 'create', 0, 2, 99),
(198, 'update tipos_doc', 'update tipos_doc', 'Acción update tipos_doc', 'tipos_doc', 'update', 0, 2, 99),
(199, 'show tipos_doc', 'show tipos_doc', 'Acción show tipos_doc', 'tipos_doc', 'show', 0, 2, 99),
(200, 'search tipos_doc', 'search tipos_doc', 'Acción search usuario', 'tipos_doc', 'search', 0, 2, 99),
(201, 'update_column tipos_doc', 'update_column tipos_doc', 'Acción update_column tipos_doc', 'tipos_doc', 'update_column', 0, 2, 99),
(202, 'update_table tipos_doc', 'update_table tipos_doc', 'Acción update_table tipos_doc', 'tipos_doc', 'update_table', 0, 2, 99),
(203, 'new_existing tipos_doc', 'new_existing tipos_doc', 'Acción new_existing tipos_doc', 'tipos_doc', 'new_existing', 0, 2, 99),
(204, 'row tipos_doc', 'row tipos_doc', 'Acción row tipos_doc', 'tipos_doc', 'row', 0, 2, 99),
(205, 'add_existing tipos_doc', 'add_existing tipos_doc', 'Acción add_existing tipos_doc', 'tipos_doc', 'add_existing', 0, 2, 99),
(206, 'edit_associated tipos_doc', 'edit_associated tipos_doc', 'Acción edit_associated tipos_doc', 'tipos_doc', 'edit_associated', 0, 2, 99),
(207, 'show_search tipos_doc', 'show_search tipos_doc', 'Acción show_search tipos_doc', 'tipos_doc', 'show_search', 0, 2, 99),
(208, 'pagination tipos_doc', 'pagination tipos_doc', 'Acción pagination tipos_doc', 'tipos_doc', 'pagination', 0, 2, 99),
(209, 'destroy tipos_doc', 'destroy tipos_doc', 'Acción destroy tipos_doc', 'tipos_doc', 'destroy', 0, 2, 99),
(210, 'nested usuarios', 'nested usuarios', 'Acción usuarios nested', 'usuarios', 'nested', 0, 2, 99),
(211, 'nested clientes', 'nested clientes', 'Acción clientes nested', 'clientes', 'nested', 0, 2, 99),
(212, 'nested obras', 'nested obras', 'Acción obras nested', 'obras', 'nested', 0, 2, 99),
(213, 'nested departamentos', 'nested departamentos', 'Acción departamentos nested', 'departamentos', 'nested', 0, 2, 99),
(214, 'nested paises', 'nested paises', 'Acción paises nested', 'paises', 'nested', 0, 2, 99),
(215, 'nested perfiles', 'nested perfiles', 'Acción perfiles nested', 'perfiles', 'nested', 0, 2, 99),
(216, 'nested privilegios', 'nested privilegios', 'Acción privilegios nested', 'privilegios', 'nested', 0, 2, 99),
(217, 'nested tipos_doc', 'nested tipos_doc', 'Acción tipos_doc nested', 'tipos_doc', 'nested', 0, 2, 99),
(218, 'nested fabricantes', 'nested fabricantes', 'Acción fabricantes nested', 'fabricantes', 'nested', 0, 2, 99),
(219, 'nested herramientas', 'nested herramientas', 'Acción herramientas nested', 'herramientas', 'nested', 0, 2, 99),
(220, 'nested ejemplares', 'nested ejemplares', 'Acción ejemplares nested', 'ejemplares', 'nested', 0, 2, 99),
(221, 'nested ciudades', 'nested ciudades', 'Acción ciudades nested', 'ciudades', 'nested', 0, 2, 99),
(224, 'table ejemplares', 'table ejemplares', 'Acción table ejemplares', 'ejemplares', 'table', 0, 2, 99),
(225, 'table fabricantes', 'table fabricantes', 'Acción table fabricantes', 'fabricantes', 'table', 0, 2, 99),
(226, 'table departamentos', 'table departamentos', 'Acción table departamentos', 'departamentos', 'table', 0, 2, 99),
(227, 'table herramientas', 'table herramientas', 'Acción table herramientas', 'herramientas', 'table', 0, 2, 99),
(228, 'table ciudades', 'table ciudades', 'Acción table ciudades', 'ciudades', 'table', 0, 2, 99),
(229, 'table clientes', 'table clientes', 'Acción table clientes', 'clientes', 'table', 0, 2, 99),
(230, 'table obras', 'table obras', 'Acción table obras', 'obras', 'table', 0, 2, 99),
(231, 'table paises', 'table paises', 'Acción table paises', 'paises', 'table', 0, 2, 99),
(232, 'table perfiles', 'table perfiles', 'Acción table perfiles', 'perfiles', 'table', 0, 2, 99),
(233, 'table privilegios', 'table privilegios', 'Acción table privilegios', 'privilegios', 'table', 0, 2, 99),
(234, 'table tipos_doc', 'table tipos_doc', 'Acción table tipos_doc', 'tipos_doc', 'table', 0, 2, 99),
(235, 'table usuarios', 'table usuarios', 'Acción table usuarios', 'usuarios', 'table', 0, 2, 99);

--
-- Volcar la base de datos para la tabla `tipos_doc`
--

INSERT INTO `tipos_doc` (`id`, `nombre`, `descripcion`, `created_at`, `updated_at`) VALUES
(1, 'C.C.', 'Cédula de Ciudadanía', '2008-07-07 02:58:06', '2008-07-07 02:58:06');

--
-- Volcar la base de datos para la tabla `usuarios`
--

INSERT INTO `usuarios` (`id`, `nombres`, `apellidos`, `documento`, `direccion`, `telefono_1`, `telefono_2`, `movil`, `email`, `username`, `tipo_doc_id`, `ciudad_id`, `created_at`, `updated_at`, `password_salt`, `password_hash`, `perfil_id`) VALUES
(1, 'Héctor Fabio', 'Spitia Navarro', '6390247', 'Cll 32 No. 38A - 44', '2723467', NULL, '3117130864', 'hspitia@gmail.com', 'hspitia', 1, 657, '2008-07-07 02:58:06', '2008-07-19 17:03:49', 'IxDPtmZq', '8a7e881f7b440869f1ea2aac15e07eb901ae99dce2b90fe3b58e7d919ea17a7c', 1),
(2, 'Pedro Andrés', 'Bonilla Polo', '123456789', 'Cll 5', '123', '123', '123', 'boninerd@gmail.com', 'boninerd', 1, 163, '2008-07-10 04:20:56', '2008-07-21 04:34:37', 'BU+/Ft7O', 'a478725c6fb52cc415fe0148bdd6700edbcf08c0e4b5fe12983da88741f28777', 1),
(3, 'Susana', 'Medina Gordillo', '123', 'Cll 12', '123', '123', '987654321', 'sumegor@hotmail.com', 'sumegor', 1, 153, '2008-07-10 04:22:09', '2008-07-20 22:47:51', 'dzXD82fF', '1456bcd34007e47e0f8fb74e6cca9fac7a4f9793dd9ba765c20adb1dfbd6b885', 1),
(4, 'Víctor Alberto', 'Romero González', '123', 'Cra 45', '123', '123', '654', 'varg4444@gmail.com', 'victor', 1, 153, '2008-07-10 04:26:46', '2008-07-20 22:48:43', 'cjo6NnfX', '918bb76f5422595924de3dd85f8a1d88acceb7be12e0619a89da846bfb910f2d', 1),
(5, 'Cosme', 'Fulanito', '123', 'cll siempre viva', '123', '123', '123', 'cosme@gmail.com', 'cosme', 1, 2, '2008-07-13 03:18:22', '2008-07-20 22:12:50', 'xiSnjcr4', '1c03ea9809c2d70d0ca80fc298dad7204086cbefdcad1e9f2bc259a942a1fda1', 2),
(6, 'prueba1', 'prueba1', '123', 'asd1', '123', '123', '123', 'prueba@hotmail.com', 'prueba1', 1, 153, '2008-07-21 01:21:11', '2008-07-21 01:21:11', 'Hijt4uP7', '72caba9cd75da72f1e79ce9fc70f61fdd951691477efc3bf495123bb30b305e0', 2);
